CAS,compound,SMILES,membrane_exp,storage_exp,albumin_exp,muscle_chicken_exp,muscle_fish_exp
630-20-6,"1,1,1,2-Tetrachloroethane",ClCC(Cl)(Cl)Cl,,2.85,,,
71-55-6,"1,1,1-Trichloroethane",CC(Cl)(Cl)Cl,,2.66,,,
79-34-5,"1,1,2,2-Tetrachloroethane",ClC(Cl)C(Cl)Cl,,2.46,,,
79-00-5,"1,1,2-Trichloroethane",ClCC(Cl)Cl,,2.09,,,
1717-00-6,"1,1-Dichloro-1-fluoroethane",CC(F)(Cl)Cl,,1.34,,,
75-34-3,"1,1-Dichloroethane",CC(Cl)Cl,,1.74,,,
75-35-4,"1,1-Dichloroethene",C=C(Cl)Cl,,2.19,,,
526-73-8,"1,2,3-Trimethylbenzene",Cc1cccc(C)c1C,,3.32,,,
367-23-7,"1,2,4-Trifluorobenzene",Fc1ccc(F)c(F)c1,,2.67,,,
95-63-6,"1,2,4-Trimethylbenzene",Cc1ccc(C)c(C)c1,,3.43,3.35,1.9,1.87
106-93-4,"1,2-Dibromoethane",BrCCBr,,1.67,,,
95-50-1,"1,2-Dichlorobenzene",Clc1ccccc1Cl,3.64,3.71,3.03,2.02,2.04
107-06-2,"1,2-Dichloroethane",ClCCCl,,1.6,,,
78-87-5,"1,2-Dichloropropane",CC(Cl)CCl,,1.99,,,
367-11-3,"1,2-Difluorobenzene",Fc1ccccc1F,,2.62,,,
372-38-3,"1,3,5-Trifluorobenzene",Fc1cc(F)cc(F)c1,,2.93,,,
108-67-8,"1,3,5-Trimethylbenzene",Cc1cc(C)cc(C)c1,,3.49,,,
541-73-1,"1,3-Dichlorobenzene",Clc1cccc(Cl)c1,3.71,3.84,,,
540-36-3,"1,4-Difluorobenzene",Fc1ccc(F)cc1,,2.58,,,
107-04-0,1-Bromo-2-chloroethane,ClCCBr,,2.07,,,
71-36-3,1-Butanol,CCCCO,0.51,0.02,,,
109-69-3,1-Chlorobutane,CCCCCl,,2.78,,,
543-59-9,1-Chloropentane,CCCCCCl,,3.48,,,
540-54-5,1-Chloropropane,CCCCl,,2.22,,,
111-27-3,1-Hexanol,CCCCCCO,1.88,1.36,1.64,,0.55
107-98-2,1-Methoxy-2-propanol,COCC(C)O,,-1.53,,,
108-03-2,1-Nitropropane,CCC[N+](=O)[O-],,0.97,,,
71-41-0,1-Pentanol,CCCCCO,1.08,0.54,,,
71-23-8,1-Propanol,CCCO,0.17,-0.48,,,
540-84-1,"2,2,4-Trimethylpentane",CC(C)CC(C)(C)C,4.61,4.64,,,
306-83-2,"2,2-Dichloro-1,1,1-
trifluoroethane",FC(F)(F)C(Cl)Cl,,1.81,,,
75-83-2,"2,2-Dimethylbutane",CCC(C)(C)C,,3.79,,,
565-75-3,"2,3,4-Trimethylpentane",CC(C)C(C)C(C)C,,5.05,,,
111-76-2,2-Butoxyethanol,CCCCOCCO,0.6,-0.21,,,
75-29-6,2-Chloropropane,CC(C)Cl,,2.03,,,
110-80-5,2-Ethoxyethanol,CCOCCO,,-1.27,,,
420-26-8,2-Fluoropropane,CC(C)F,,1.38,,,
110-43-0,2-Heptanone,CCCCCC(C)=O,,1.81,,,
591-78-6,2-Hexanone,CCCCC(C)=O,,1.19,,,
109-59-1,2-Isopropoxyethanol,CC(C)OCCO,,-1.16,,,
109-86-4,2-Methoxyethanol,COCCO,,-1.67,,,
78-83-1,2-Methyl-1-propanol,CC(C)CO,,-0.06,,,
75-65-0,2-Methyl-2-propanol,CC(C)(C)O,0.16,-0.73,,,
107-83-5,2-Methylpentane,CCCC(C)C,,3.99,,,
79-46-9,2-Nitropropane,CC(C)[N+](=O)[O-],,0.61,,,
107-87-9,2-Pentanone,CCCC(C)=O,,0.65,,,
67-63-0,2-Propanol,CC(C)O,-0.04,-0.82,,,
123-51-3,3-Methyl-1-butanol,CC(C)CCO,,0.41,,,
589-34-4,3-Methylhexane,CCCC(C)CC,,4.61,,,
96-14-0,3-Methylpentane,CCC(C)CC,,4.07,,,
96-22-0,3-Pentanone,CCC(=O)CC,,0.56,,,
108-10-1,4-Methyl-2-pentanone,CC(=O)CC(C)C,,1.05,,,
67-64-1,Acetone,CC(C)=O,0.06,-0.32,,,
300-57-2,Allylbenzene,C=CCc1ccccc1,,2.96,,,
71-43-2,Benzene,c1ccccc1,,2.12,1.58,,
74-97-5,Bromochloromethane,ClCBr,,1.49,,,
78-93-3,2-Butanone,CCC(C)=O,,0.18,,,
106-97-8,Butane,CCCC,,3.03,,,
123-86-4,Butyl acetate,CCCCOC(C)=O,,1.59,,,
56-23-5,Carbon tetrachloride,ClC(Cl)(Cl)Cl,2.61,3.18,1.77,,
76-14-2,"1,2-
Dichlorotetrafluoroethane",FC(F)(Cl)C(F)(F)Cl,,3,,,
377-36-6,"1,1,2,2,3,3,4,4-
Octafluorobutane",FC(F)C(F)(F)C(F)(F)C(F)F,,2.5,,,
680-00-2,"1,1,2,2,3,3-
Hexafluoropropane",FC(F)C(F)(F)C(F)F,,1.49,,,
359-35-3,"1,1,2,2-Tetrafluoroethane",FC(F)C(F)F,,0.92,,,
75-37-6,"1,1-Difluoroethane",CC(F)F,,0.91,,,
151-67-7,Halothane,FC(F)(F)C(Cl)Br,,2.28,1.62,,
124-72-1,Teflurane,FC(F)C(F)(F)Br,,1.8,,,
811-97-2,"1,1,1,2-Tetrafluoroethane",FCC(F)(F)F,,1.03,,,
406-90-6,Fluroxene,C=COCC(F)(F)F,,1.26,,,
75-73-0,Carbon tetrafluoride,FC(F)(F)F,,1.12,,,
462-39-5,"1,3-Difluoropropane",FCCCF,,0.66,,,
13838-16-9,Enflurane,FC(F)OC(F)(F)C(F)Cl,,2.03,1.59,,
26675-46-7,Isoflurane,FC(F)OC(Cl)C(F)(F)F,,1.99,1.58,,
57041-67-5,Desflurane,FC(F)OC(F)C(F)(F)F,,1.88,,,
28523-86-6,Sevoflurane,FCOC(C(F)(F)F)C(F)(F)F,,1.87,,,
108-90-7,Chlorobenzene,Clc1ccccc1,2.91,2.73,2.32,,
124-48-1,Chlorodibromomethane,ClC(Br)Br,,2.12,,,
75-00-3,Chloroethane,CCCl,,1.58,,,
67-66-3,Chloroform,ClC(Cl)Cl,,2.02,,,
156-59-2,"cis-1,2-Dichloroethene",Cl/C=C\Cl,,1.59,,,
291-64-5,Cycloheptane,C1CCCCCC1,,4.82,2.52,2.16,2.33
110-82-7,Cyclohexane,C1CCCCC1,3.27,4.05,2.01,,
287-92-3,Cyclopentane,C1CCCC1,,3.5,,,
75-19-4,Cyclopropane,C1CC1,,1.73,,,
124-18-5,Decane,CCCCCCCCCC,,6.39,,,
74-95-3,Dibromethane,BrCBr,,1.76,,,
1975.9.2,Dichloromethane,ClCCl,,1.28,,,
60-29-7,Diethyl ether,CCOCC,,0.79,,,
1975.10.5,Difluoromethane,FCF,,0.53,,,
109-93-3,Divinyl ether,C=COC=C,,1.69,,,
74-84-0,Ethane,CC,,1.73,,,
64-17-5,Ethanol,CCO,-0.26,-1.14,,,
74-85-1,Ethene,C=C,,0.84,,,
141-78-6,Ethyl acetate,CCOC(C)=O,0.46,0.46,,,
637-92-3,Ethyl tert-butyl ether,CCOC(C)(C)C,,1.37,,,
919-94-8,Ethyl tert-pentyl ether,CCOC(C)(C)CC,,1.93,,,
100-41-4,Ethylbenzene,CCc1ccccc1,,3.14,2.7,,
462-06-6,Fluorobenzene,Fc1ccccc1,,2.41,,,
353-36-6,Fluoroethane,CCF,,0.62,,,
593-70-4,Fluorochloromethane,FCCl,,0.77,,,
142-82-5,Heptane,CCCCCCC,4.55,4.71,3.59,,
392-56-3,Hexafluorobenzene,Fc1c(F)c(F)c(F)c(F)c1F,,2.45,1.55,,
110-54-3,Hexane,CCCCCC,3.91,4.11,3.09,,
110-19-0,Isobutyl acetate,CC(=O)OCC(C)C,,1.6,,,
123-92-2,Isopentyl acetate,CC(=O)OCCC(C)C,,2.11,,,
108-21-4,Isopropyl acetate,CC(=O)OC(C)C,,1.02,,,
98-82-8,Isopropylbenzene,CC(C)c1ccccc1,,3.52,,,
76-38-0,Methoxyflurane,COC(F)(F)C(Cl)Cl,,2.11,1.77,,
74-82-8,Methane,C,,0.75,,,
67-56-1,Methanol,CO,-0.53,-1.95,,,
79-20-9,Methyl acetate,COC(C)=O,,-0.02,,,
74-87-3,Methyl chloride,CCl,,0.8,,,
96-37-7,Methylcyclopentane,CC1CCCC1,,4,,,
771-56-2,Methylpentafluorobenzene,Cc1c(F)c(F)c(F)c(F)c1F,,3.27,2.32,,
100-80-1,m-Methylstyrene,C=Cc1cccc(C)c1,,3.23,,,
108-38-3,m-Xylene,Cc1cccc(C)c1,,3.16,,,
111-84-2,Nonane,CCCCCCCCC,,5.82,4.45,3.86,3.68
95-47-6,o-Xylene,Cc1ccccc1C,,3.12,,,
106-42-3,p-Xylene,Cc1ccc(C)cc1,2.98,3.16,,,
1976.1.7,Pentachloroethane,ClC(Cl)C(Cl)(Cl)Cl,,2.93,,,
363-72-4,Pentafluorobenzene,Fc1cc(F)c(F)c(F)c1F,,2.31,,,
109-66-0,Pentane,CCCCC,,3.49,,,
628-63-7,Pentyl acetate,CCCCCOC(C)=O,,2.11,,,
622-97-9,p-Methylstyrene,C=Cc1ccc(C)cc1,,3.21,,,
74-98-6,Propane,CCC,,2.35,,,
109-60-4,Propyl acetate,CCCOC(C)=O,1.01,1.02,,,
103-65-1,Propylbenzene,CCCc1ccccc1,,3.65,2.95,1.98,1.95
127-18-4,Tetrachloroethene,ClC(Cl)=C(Cl)Cl,3.08,3.57,2.4,,
108-88-3,Toluene,Cc1ccccc1,,2.67,2.26,,
156-60-5,"trans-1,2-Dichloroethene",Cl/C=C/Cl,,2.06,,,
1979.1.6,Trichloroethene,ClC=C(Cl)Cl,2.43,2.8,1.88,,
629-50-5,tridecane,CCCCCCCCCCCCC,,8.16,,,
121-44-8,triethylamine,CCN(CC)CC,,1.04,,,
1120-21-4,undecane,CCCCCCCCCCC,,7.03,,,
7785-26-4,alpha-pinene,CC1=CCC2CC1C2(C)C,,4.58,,,
110-71-4,"1,2-dimethoxyethane",COCCOC,,-0.33,,,
123-91-1,"1,4-dioxane",C1COCCO1,,-0.24,,,
111-70-6,1-heptanol,CCCCCCCO,2.38,1.84,2.18,,
109-06-8,2-methylpyridine,Cc1ccccn1,,0.61,,,
108-99-6,3-methylpyridine,Cc1cccnc1,,0.84,,,
108-89-4,4-methylpyridine,Cc1ccncc1,,0.82,,,
100-51-6,benzyl alcohol,OCc1ccccc1,1.14,0.12,,,
108-86-1,bromobenzene,Brc1ccccc1,,3.27,,,
592-84-7,butyl formate,CCCCOC=O,,1.46,,,
590-01-2,butyl propanoate,CCCCOC(=O)CC,,2.35,,,
104-51-8,butylbenzene,CCCCc1ccccc1,,4.13,,,
359-10-4,"1,1-difluoro-2-chloroethene",FC(F)=CCl,,1.63,,,
75-88-7,"1-chloro-2,2,2-
trifluoroethane",FC(F)(F)CCl,,1.34,,,
333-36-8,"bis-(2,2,2-
trifluoroethyl)ether",FC(F)(F)COCC(F)(F)F,,1.92,,,
110-83-8,cyclohexene,C1=CCCCC1,,3.33,,,
120-92-3,cyclopentanone,O=C1CCCC1,0.3,0.39,,,
75-45-6,difluorochloromethane,FC(F)Cl,,0.72,,,
108-20-3,diisopropyl ether,CC(C)OC(C)C,,1.29,,,
109-87-5,dimethoxymethane,COCOC,,0.18,,,
115-10-6,dimethyl ether,COC,,0.13,,,
127-19-5,dimethylacetamide,CC(=O)N(C)C,,-1.25,,,
1968.12.2,dimethylformamide,CN(C)C=O,,-1.57,,,
142-96-1,di-n-butyl ether,CCCCOCCCC,2.78,3.14,2.01,1.72,1.52
112-40-3,dodecane,CCCCCCCCCCCC,,7.59,,,
109-94-4,ethyl formate,CCOC=O,,0.16,,,
105-37-3,ethyl propanoate,CCOC(=O)CC,,1.13,,,
1975.3.6,iodoethane,CCI,,1.85,,,
75-69-4,fluorotrichloromethane,FC(Cl)(Cl)Cl,,2.28,,,
107-31-3,methyl formate,COC=O,,-0.48,,,
108-87-2,methylcyclohexane,CC1CCCCC1,,4.54,,,
79-24-3,nitroethane,CC[N+](=O)[O-],,0.45,,,
75-52-5,nitromethane,C[N+](=O)[O-],,-0.02,,,
121-69-7,"N,N-dimethylaniline",CN(C)c1ccccc1,2.33,2.29,,,
629-62-9,pentadecane,CCCCCCCCCCCCCCC,,9.31,,,
110-89-4,piperidine,C1CCNCC1,,1.01,,,
106-94-5,propyl bromide,CCCBr,,2.47,,,
110-74-7,propyl formate,CCCOC=O,,0.87,,,
110-86-1,pyridine,c1ccncc1,,0.15,,,
629-59-4,tetradecane,CCCCCCCCCCCCCC,,8.74,,,
109-99-9,tetrahydrofuran,C1CCOC1,,0.62,,,
679-84-5,halopropane,FC(F)(F)C(F)(Cl)Br,,2.91,,,
56885-28-0,CF3CHFOCHFCl,FC(Cl)OC(F)C(F)(F)F,,2.15,,,
292-64-8,Cyclooctane,C1CCCCCCC1,,5.34,2.98,2.94,2.82
111-87-5,Octan-1-ol,CCCCCCCCO,2.66,2.46,2.74,1.42,1.55
143-08-8,Nonan-1-ol,CCCCCCCCCO,,3.01,3.1,1.97,1.99
66-25-1,Hexanal,CCCCCC=O,,1.92,,,
111-71-7,Heptanal,CCCCCCC=O,,2.46,,,
124-13-0,Octanal,CCCCCCCC=O,,3.01,,,
124-19-6,"Nonanal / n-Nonyl
Aldehyde",CCCCCCCCC=O,,3.42,,,
629-06-1,1-Chloroheptane,CCCCCCCCl,,4.37,,,
111-85-3,1-Chlorooctane,CCCCCCCCCl,,4.95,3.85,2.93,2.88
592-41-6,1-Hexene,C=CCCCC,,3.51,,,
592-76-7,1-Heptene,C=CCCCCC,,4.04,,,
111-66-0,1-Octene,C=CCCCCCC,,4.6,,,
124-11-8,1-Nonene,C=CCCCCCCC,,5.15,4.22,3.54,3.52
872-05-9,1-Decene,C=CCCCCCCCC,,5.64,,,
120-82-1,"1,2,4-Trichlorobenzene",Clc1ccc(Cl)c(Cl)c1,4.2,4.17,3.6,,
111-43-3,Di-n-propyl ether,CCCOCCC,,2.06,,,
693-65-2,Dipentyl ether,CCCCCOCCCCC,3.77,4.16,3,,
111-13-7,2-octanone,CCCCCCC(C)=O,2.42,2.31,2.09,1.57,1.35
821-55-6,2-nonanone,CCCCCCCC(C)=O,2.83,2.79,2.48,1.83,1.51
627-05-4,1-Nitrobutane,CCCC[N+](=O)[O-],,1.53,,,
646-14-0,1-Nitrohexane,CCCCCC[N+](=O)[O-],,2.58,,1.34,
536-75-4,4-Ethylpyridine,CCc1ccncc1,,1.14,,,
100-00-5,1-Chloro-4-nitrobenzene,O=[N+]([O-])c1ccc(Cl)cc1,,2.38,,,
98-95-3,Nitrobenzene,O=[N+]([O-])c1ccccc1,2.01,1.92,,,
88-72-2,2-Nitrotoluene,Cc1ccccc1[N+](=O)[O-],2.41,2.4,2.12,1.27,1.32
606-20-2,"2,6-Dinitrotoluene",Cc1c([N+](=O)[O-])cccc1[N+](=O)[O-],,1.94,,,
100-17-4,4-Nitroanisole,COc1ccc([N+](=O)[O-])cc1,,2.32,2.48,1.38,
150-78-7,"1,4-Dimethoxybenzene",COc1ccc(OC)cc1,,2.12,,,
106-48-9,4-Chlorophenol,Oc1ccc(Cl)cc1,2.73,1.51,2.43,1.55,1.45
93-89-0,Ethyl benzoate,CCOC(=O)c1ccccc1,,2.59,,,1.27
104-76-7,2-Ethyl-1-hexanol,CCCCC(CC)CO,,2.04,,,
597-76-2,3-Ethyl-3-hexanol,CCCC(O)(CC)CC,,1.7,,,
19780-44-0,4-Ethyl-3-hexanol,CCC(O)C(CC)CC,,1.92,1.48,,0.75
597-49-9,3-Ethyl-3-pentanol,CCC(O)(CC)CC,,1.13,,,
121-14-2,"2,4-Dinitrotoluene",Cc1ccc([N+](=O)[O-])cc1[N+](=O)[O-],,2.34,1.73,1.22,1.27
33018-78-9,CF3CH2OCF2Cl,FC(F)(F)COC(F)(F)Cl,,2.73,,,
430-55-7,1-fluropropane,CCCF,,0.98,,,
67-72-1,Hexachloroethane,ClC(Cl)(Cl)C(Cl)(Cl)Cl,,3.71,,,
92-52-4,Biphenyl,c1ccc(-c2ccccc2)cc1,,4.14,,,
75995-72-1,"1,1,1,2,3,4,4,4-
Octafluorobutane",FC(C(F)C(F)(F)F)C(F)(F)F,,2.44,,,
544-76-3,hexadecane,CCCCCCCCCCCCCCCC,,9.88,,,
75-26-3,isopropyl bromide,CC(C)Br,,2.28,,,
375-17-7,"1,1,1,2,2,3,3,4,4-
nonafluorobutane",FC(F)C(F)(F)C(F)(F)C(F)(F)F,,2.82,,,
127-91-3,beta-pinene,C=C1CCC2CC1C2(C)C,,4.11,,,
5989-27-5,limonene,C=C(C)C1CC=C(C)CC1,,4.17,,,
593-53-3,Fluoromethane,CF,,0,,,
2825-83-4,"Tricyclo[5.2.1.0(2,6)]decane",C1CC2C3CCC(C3)C2C1,,4.62,,,
1634-04-4,Methyl tert-butyl ether,COC(C)(C)C,,0.89,,,
2551-62-4,Sulfur hexafluoride,FS(F)(F)(F)(F)F,,1.85,,,
1975.1.4,vinyl chloride,C=CCl,,1.58,,,
67-68-5,dimethyl sulfoxide,CS(C)=O,,-2.66,,,
64-18-6,formic acid,O=CO,,-1.69,,,
13466-78-9,3-carene,CC1=CCC2C(C1)C2(C)C,,4.71,,,
593-60-2,vinyl bromide,C=CBr,,1.34,,,
106-47-8,4-Chloroaniline,Nc1ccc(Cl)cc1,,,,1.19,
107-05-1,allyl chloride,C=CCCl,,1.84,,,
100-42-5,Styrene,C=Cc1ccccc1,,2.68,2.76,,
111-65-9,Octane,CCCCCCCC,4.67,5.27,4.01,,
108-43-0,3-Chlorophenol,Oc1cccc(Cl)c1,2.78,1.66,2.35,1.57,1.55
140-11-4,Benzyl acetate,CC(=O)OCc1ccccc1,,1.7,,,
90-15-3,1-Naphthol,Oc1cccc2ccccc12,,2.19,,,
106-41-2,4-bromophenol,Oc1ccc(Br)cc1,2.4,1.61,2.81,1.7,1.62
540-37-4,4-Iodoaniline,Nc1ccc(I)cc1,,,2.95,1.66,
91-66-7,"N,N-Diethylaniline",CCN(CC)c1ccccc1,,3.17,2.27,1.6,1.52
645-56-7,4-n-Propylphenol,CCCc1ccc(O)cc1,2.92,2.19,2.59,1.69,1.63
540-38-5,4-iodophenol,Oc1ccc(I)cc1,2.55,,3.41,1.93,1.84
99-65-0,"1,3-Dinitrobenzene",O=[N+]([O-])c1cccc([N+](=O)[O-])c1,,1.42,,,
120-12-7,Anthracene,c1ccc2cc3ccccc3cc2c1,5.21,4.83,,,
1985.1.8,Phenanthrene,c1ccc2c(c1)ccc1ccccc12,4.95,4.8,4.15,3.14,3.25
206-44-0,Fluoranthene,c1ccc2c(c1)-c1cccc3cccc-2c13,5.58,5.18,4.28,,
129-00-0,Pyrene,c1cc2ccc3cccc4ccc(c1)c2c34,5.71,5.26,4.76,3.67,3.76
86-73-7,Fluorene,c1ccc2c(c1)Cc1ccccc1-2,,4.39,,,
83-32-9,Acenaphthene,c1cc2c3c(cccc3c1)CC2,,3.97,,,
628-71-7,1-heptyne,C#CCCCCC,,,2.49,1.75,1.62
75-25-2,tribromomethane,BrC(Br)Br,2.33,,1.95,,
58-89-9,γ-hexachlorocyclohexane,ClC1C(Cl)C(Cl)C(Cl)C(Cl)C1Cl,,,2.46,,
693-54-9,2-decanone,CCCCCCCCC(C)=O,3.16,,2.88,2.11,1.96
629-37-8,1-nitrooctane,CCCCCCCC[N+](=O)[O-],,,3.38,,
126-73-8,tri-n-butyl phosphate,CCCCOP(=O)(OCCCC)OCCCC,,,2.47,1.69,1.83
106-37-6,"1,4-dibromobenzene",Brc1ccc(Br)cc1,4.3,,3.97,2.18,2.28
634-66-2,"1,2,3,4-tetrachlorobenzene",Clc1ccc(Cl)c(Cl)c1Cl,,,4.21,2.8,2.86
95-13-6,indene,C1=Cc2ccccc2C1,,,2.92,,
91-20-3,naphthalene,c1ccc2ccccc2c1,,,3.56,,
132-64-9,dibenzofuran,c1ccc2c(c1)oc1ccccc12,,,3.79,,
132-65-0,dibenzothiophene,c1ccc2c(c1)sc1ccccc12,,,4.16,3.4,3.46
218-01-9,chrysene,c1ccc2c(c1)ccc1c3ccccc3ccc21,6.4,,4.46,4.53,4.41
205-99-2,benzo[b]fluoranthene,c1ccc2c(c1)-c1cccc3c1c-2cc1ccccc13,7.11,,4.42,,
191-24-2,benzo[ghi]perylene,c1cc2ccc3ccc4ccc5cccc6c(c1)c2c3c4c56,7.78,,4.76,,
100-66-3,anisole,COc1ccccc1,,,2.16,,
1009-14-9,valerophenone,CCCCC(=O)c1ccccc1,,,2.7,1.74,1.75
119-61-9,benzophenone,O=C(c1ccccc1)c1ccccc1,,,2.62,2.01,1.99
131-16-8,di-n-propyl phthalate,CCCOC(=O)c1ccccc1C(=O)OCCC,,,2.84,,1.92
86-57-7,1-nitronaphthalene,O=[N+]([O-])c1cccc2ccccc12,,,3.17,,2.16
873-76-7,4-chlorobenzyl alcohol,OCc1ccc(Cl)cc1,,,2.1,,
90-43-7,2-phenylphenol,Oc1ccccc1-c1ccccc1,3.43,,2.62,2,
371-41-5,4-fluorophenol,Oc1ccc(F)cc1,2.19,,1.57,1.18,1.1
1980.5.7,bisphenol A,CC(C)(c1ccc(O)cc1)c1ccc(O)cc1,3.92,,2.88,,
100-01-6,4-nitroaniline,Nc1ccc([N+](=O)[O-])cc1,,,1.69,0.84,
95-51-2,2-chloroaniline,Nc1ccccc1Cl,,,1.95,,
92-67-1,4-aminobiphenyl,Nc1ccc(-c2ccccc2)cc1,,,2.55,,
120-72-9,indole,c1ccc2[nH]ccc2c1,,,2.25,1.4,1.97
86-74-8,carbazole,c1ccc2c(c1)[nH]c1ccccc12,,,3.52,,
51218-45-2,metolachlor,CCc1cccc(C)c1N(C(=O)CCl)C(C)COC,,,1.74,,
1912-24-9,atrazine,CCNc1nc(Cl)nc(NC(C)C)n1,,,1.77,,
439-14-5,diazepam,CN1C(=O)CN=C(c2ccccc2)c2cc(Cl)ccc21,2.99,,2.68,2.01,2.1
53-16-7,estrone,CC12CCC3c4ccc(O)cc4CCC3C1CCC2=O,3.59,,2.69,,
115-29-7,endosulfan α,O=S1OCC2C(CO1)C1(Cl)C(Cl)=C(Cl)C2(Cl)C1(Cl)Cl,,,3.24,,
628-05-7,1-nitropentane,CCCCC[N+](=O)[O-],,,,,
538-68-1,n-pentylbenzene,CCCCCc1ccccc1,,,,2.71,2.77
1077-16-3,n-hexylbenzene,CCCCCCc1ccccc1,,,,3.19,3.24
95-94-3,"1,2,4,5-tetrachlorobenzene",Clc1cc(Cl)c(Cl)cc1Cl,4.73,,,2.94,3
608-93-5,pentachlorobenzene,Clc1cc(Cl)c(Cl)c(Cl)c1Cl,5.18,,,3.35,3.41
50-32-8,benzo[a]pyrene,c1ccc2c(c1)cc1ccc3cccc4ccc2c1c34,7.19,,,4.88,4.97
84-74-2,di-n-butyl phthalate,CCCCOC(=O)c1ccccc1C(=O)OCCCC,3.87,,,,
118-96-7,"2,4,6-trinitrotoluene",Cc1c([N+](=O)[O-])cc([N+](=O)[O-])cc1[N+](=O)[O-],,,,,
1918-16-7,propachlor,CC(C)N(C(=O)CCl)c1ccccc1,,,,,
50-28-2,estradiol,CC12CCC3c4ccc(O)cc4CCC3C1CCC2O,3.33,,,,
100-02-7,4-nitrophenol,O=[N+]([O-])c1ccc(O)cc1,2.72,,,,
1006-59-3,"2,6-diethylphenol",CCc1cccc(CC)c1O,2.73,,,,
104-40-5,4-n-nonylphenol,CCCCCCCCCc1ccc(O)cc1,5.61,,,,
105-53-3,diethyl malonate,CCOC(=O)CC(=O)OCC,0.5,,,,
106-44-5,4-methylphenol,Cc1ccc(O)cc1,2.35,,,,
106-46-7,"1,4-dichlorobenzene",Clc1ccc(Cl)cc1,3.57,,,,
107-21-1,ethylene glycol,OCCO,-0.79,,,,
108-39-4,3-methylphenol,Cc1cccc(O)c1,2.34,,,,
108-70-3,"1,3,5-trichlorobenzene",Clc1cc(Cl)cc(Cl)c1,4.16,,,,
108-93-0,cyclohexanol,OC1CCCCC1,1.01,,,,
108-94-1,cyclohexanone,O=C1CCCCC1,0.54,,,,
108-95-2,phenol,Oc1ccccc1,1.96,,,,
111-29-5,"1,5-pentanediol",OCCCCCO,-0.7,,,,
1117-86-8,"1,2-octanediol",CCCCCCC(O)CO,1.93,,,,
118-74-1,hexachlorobenzene,Clc1c(Cl)c(Cl)c(Cl)c(Cl)c1Cl,5.64,,,,
118-92-3,anthranilic acid,Nc1ccccc1C(=O)O,2.08,,,,
118-95-6,"2-isopropyl-4,6-dinitrophenol",CC(C)c1cc([N+](=O)[O-])cc([N+](=O)[O-])c1O,3.14,,,,
1198-55-6,tetrachlorocatechol,Oc1c(O)c(Cl)c(Cl)c(Cl)c1Cl,4.41,,,,
120-83-2,"2,4-dichlorophenol",Oc1ccc(Cl)cc1Cl,3.57,,,,
123-07-9,4-ethylphenol,CCc1ccc(O)cc1,2.78,,,,
126924-38-7,norfluoxetine,NCCC(Oc1ccc(C(F)(F)F)cc1)c1ccccc1,4.49,,,,
13214-66-9,4-phenylbutylamine,NCCCCc1ccccc1,2.41,,,,
137-58-6,lidocaine,CCN(CC)CC(=O)Nc1c(C)cccc1C,2.15,,,,
13979-81-2,"3,5-dibromo-4-methylphenol",Cc1c(Br)cc(O)cc1Br,4.51,,,,
140-66-9,4-tert-octylphenol,CC(C)(C)CC(C)(C)c1ccc(O)cc1,5.39,,,,
141-03-7,dibutyl succinate,CCCCOC(=O)CCC(=O)OCCCC,2.4,,,,
141-28-6,diethyl adipate,CCOC(=O)CCCCC(=O)OCC,1.66,,,,
1420-07-1,"2-tert-butyl-4,6-dinitrophenol",CC(C)(C)c1cc([N+](=O)[O-])cc([N+](=O)[O-])c1O,4.1,,,,
1460-57-7,"trans-1,2-cyclohexanediol",O[C@@H]1CCCC[C@H]1O,0.23,,,,
14763-60-1,4-(methylsulfonyl)phenol,CS(=O)(=O)c1ccc(O)cc1,1.27,,,,
149-32-6,erythritol,OC[C@@H](O)[C@@H](O)CO,-1.24,,,,
14938-35-3,4-n-pentylphenol,CCCCCc1ccc(O)cc1,4.31,,,,
15307-86-5,diclofenac,O=C(O)Cc1ccccc1Nc1c(Cl)cccc1Cl,4.45,,,,
15687-27-1,Ibuprofen,CC(C)Cc1ccc(C(C)C(=O)O)cc1,3.8,,,,
16128-96-4,S-13b,CC(C)(C)c1cc(Cl)c(O)c(C(=O)Nc2ccc(Cl)cc2[N+](=O)[O-])c1,6.44,,,,
1638-22-8,4-n-butylphenol,CCCCc1ccc(O)cc1,3.13,,,,
1689-84-5,"3,5-dibromo-4-hydroxybenzonitrile",N#Cc1cc(Br)c(O)c(Br)c1,3.16,,,,
1745-81-9,2-allylphenol,C=CCc1ccccc1O,3.06,,,,
192-97-2,benzo[e]pyrene,c1ccc2c(c1)c1cccc3ccc4cccc2c4c31,7.08,,,,
193-39-5,"indeno[1,2,3-cd]pyrene",c1ccc2c(c1)-c1ccc3ccc4cccc5cc-2c1c3c45,7.86,,,,
207-08-9,benzo[k]fluoranthene,c1ccc2cc3c(cc2c1)-c1cccc2cccc-3c12,7.13,,,,
215-58-7,"dibenz[a,c]anthracene",c1ccc2cc3c4ccccc4c4ccccc4c3cc2c1,7.49,,,,
2270-20-4,5-phenylvaleric acid,O=C(O)CCCCc1ccccc1,3.06,,,,
27522-11-8,2-ethyl-1-pentanol,CCCC(CC)CO,1.81,,,,
3031-66-1,"3-hexyn-2,5-diol",CC(O)C#CC(C)O,-0.22,,,,
3481-20-7,"2,3,5,6-tetrachloroaniline",Nc1c(Cl)c(Cl)cc(Cl)c1Cl,4.6,,,,
35693-99-3,"2,2',5,5'-tetrachlorobiphenyl (PCB 52)",Clc1ccc(Cl)c(-c2cc(Cl)ccc2Cl)c1,5.94,,,,
38411-22-2,"2,2',3,3',6,6'-hexachlorobiphenyl (PCB 136)",Clc1ccc(Cl)c(-c2c(Cl)ccc(Cl)c2Cl)c1Cl,6.5,,,,
4097-49-8,"4-tert-butyl-2,6-dinitrophenol",CC(C)(C)c1cc([N+](=O)[O-])c(O)c([N+](=O)[O-])c1,3.81,,,,
4099-71-2,"2-ethyl-4,6-dinitrophenol",CCc1cc([N+](=O)[O-])cc([N+](=O)[O-])c1O,3.02,,,,
42087-80-9,methyl-4-chloro-2-nitrobenzoate,COC(=O)c1ccc(Cl)cc1[N+](=O)[O-],2.45,,,,
42565-22-0,"trans-1,2-cyclooctanediol",O[C@@H]1CCCCCC[C@H]1O,1.11,,,,
4901-51-3,"2,3,4,5-tetrachlorophenol",Oc1cc(Cl)c(Cl)c(Cl)c1Cl,4.76,,,,
4938-52-7,1-hepten-3-ol,C=CC(O)CCCC,1.61,,,,
50-27-1,estriol,CC12CCC3c4ccc(O)cc4CCC3C1CC(O)C2O,1.96,,,,
502-41-0,cycloheptanol,OC1CCCCCC1,1.51,,,,
502-42-1,cycloheptanone,O=C1CCCCCC1,0.98,,,,
502-49-8,cyclooctanone,O=C1CCCCCCC1,1.4,,,,
504-02-9,"1,3-cyclohexanedione",O=C1CCCC(=O)C1,0.49,,,,
51-28-5,"2,4-dinitrophenol",O=[N+]([O-])c1ccc(O)c([N+](=O)[O-])c1,2.67,,,,
525-66-6,propranolol,CC(C)NCC(O)COc1cccc2ccccc12,3.32,,,,
527-20-8,pentachloroaniline,Nc1c(Cl)c(Cl)c(Cl)c(Cl)c1Cl,4.69,,,,
527-54-8,"3,4,5-trimethylphenol",Cc1cc(O)cc(C)c1C,2.66,,,,
53-70-3,"dibenz[a,h]anthracene",c1ccc2c(c1)ccc1cc3c(ccc4ccccc43)cc12,7.72,,,,
534-52-1,"2-methyl-4,6-dinitrophenol",Cc1cc([N+](=O)[O-])cc([N+](=O)[O-])c1O,2.71,,,,
5343-92-0,"1,2-pentanediol",CCCC(O)CO,0.26,,,,
5372-81-6,dimethyl-2-amino-p-phthalate,COC(=O)c1ccc(C(=O)OC)c(N)c1,2.53,,,,
541-35-5,butyramide,CCCC(N)=O,-0.2,,,,
54910-89-3,fluoxetine,CNCCC(Oc1ccc(C(F)(F)F)cc1)c1ccccc1,4.35,,,,
554-84-7,3-nitrophenol,O=[N+]([O-])c1cccc(O)c1,2.56,,,,
56-53-1,diethylstilbestrol,CC/C(=C(/CC)c1ccc(O)cc1)c1ccc(O)cc1,4.76,,,,
56-55-3,benzo[a]anthracene,c1ccc2cc3c(ccc4ccccc43)cc2c1,6.44,,,,
56-81-5,glycerol,OCC(O)CO,-1.04,,,,
56558-16-8,"2,2',4,6,6'-pentachlorobiphenyl (PCB 104)",Clc1cc(Cl)c(-c2c(Cl)cccc2Cl)c(Cl)c1,6.13,,,,
57-63-6,17α-ethynylestradiol,C#CC1(O)CCC2C3CCc4cc(O)ccc4C3CCC21C,3.74,,,,
57-83-0,progesterone,CC(=O)C1CCC2C3CCC4=CC(=O)CCC4(C)C3CCC12C,3.28,,,,
573-56-8,"2,6-dinitrophenol",O=[N+]([O-])c1cccc([N+](=O)[O-])c1O,2.03,,,,
576-26-1,"2,6-dimethylphenol",Cc1cccc(C)c1O,2.47,,,,
577-71-9,"3,4-dinitrophenol",O=[N+]([O-])c1ccc(O)cc1[N+](=O)[O-],3.17,,,,
58-90-2,"2,3,4,6-tetrachlorophenol",Oc1c(Cl)cc(Cl)c(Cl)c1Cl,4.46,,,,
584-02-1,3-pentanol,CCC(O)CC,1,,,,
585-34-2,3-tert-butylphenol,CC(C)(C)c1cccc(O)c1,3.25,,,,
589-55-9,4-heptanol,CCCC(O)CCC,1.7,,,,
59-46-1,procaine,CCN(CC)CCOC(=O)c1ccc(N)cc1,2.38,,,,
59-50-7,4-chloro-3-methylphenol,Cc1cc(O)ccc1Cl,3.32,,,,
600-36-2,"2,4-dimethyl-3-pentanol",CC(C)C(O)C(C)C,1.71,,,,
60145-21-3,"2,2',4,5',6-pentachlorobiphenyl (PCB 103)",Clc1cc(Cl)c(-c2cc(Cl)ccc2Cl)c(Cl)c1,6.32,,,,
60145-23-5,"2,2',3,4,4',5,6'-heptachlorobiphenyl (PCB 182)",Clc1cc(Cl)c(-c2cc(Cl)c(Cl)c(Cl)c2Cl)c(Cl)c1,6.83,,,,
609-19-8,"3,4,5-trichlorophenol",Oc1cc(Cl)c(Cl)c(Cl)c1,4.71,,,,
609-93-8,"4-methyl-2,6-dinitrophenol",Cc1cc([N+](=O)[O-])c(O)c([N+](=O)[O-])c1,2.34,,,,
611-99-4,"4,4'-dihydroxybenzophenone",O=C(c1ccc(O)cc1)c1ccc(O)cc1,2.7,,,,
62-53-3,aniline,Nc1ccccc1,1.63,,,,
625-69-4,"2,4-pentanediol",CC(O)CC(C)O,-0.3,,,,
62796-65-0,"2,2',4,6-tetrachlorobiphenyl (PCB 50)",Clc1cc(Cl)c(-c2ccccc2Cl)c(Cl)c1,5.92,,,,
629-11-8,"1,6-hexanediol",OCCCCCCO,-0.1,,,,
629-30-1,"1,7-hexanediol",OCCCCCCCO,0.32,,,,
629-41-4,"1,8-octanediol",OCCCCCCCCO,0.81,,,,
634-90-2,"1,2,3,5-tetrachlorobenzene",Clc1cc(Cl)c(Cl)c(Cl)c1,4.77,,,,
636-30-6,"2,4,5-trichloroaniline",Nc1cc(Cl)c(Cl)cc1Cl,4.16,,,,
644-35-9,2-n-propylphenol,CCCc1ccccc1O,3.13,,,,
6639-30-1,"2,4,5-trichlorotoluene",Cc1cc(Cl)c(Cl)cc1Cl,4.72,,,,
69-72-7,salicylic acid,O=C(O)c1ccccc1O,2.55,,,,
6920-22-5,"1,2-hexanediol",CCCCC(O)CO,0.81,,,,
696-71-9,cyclooctanol,OC1CCCCCCC1,2.09,,,,
70362-49-1,"3,3',4,5-tetrachlorobiphenyl (PCB 78)",Clc1cccc(-c2cc(Cl)c(Cl)c(Cl)c2)c1,6.53,,,,
739-71-9,trimipramine,CC(CN(C)C)CN1c2ccccc2CCc2ccccc21,4.74,,,,
767-00-0,4-cyanophenol,N#Cc1ccc(O)cc1,2.11,,,,
80-46-6,4-tert-amylphenol,CCC(C)(C)c1ccc(O)cc1,3.54,,,,
81-81-2,warfarin,CC(=O)CC(c1ccccc1)c1c(O)c2ccccc2oc1=O,3.42,,,,
821-41-0,5-hexen-1-ol,C=CCCCCO,1.2,,,,
84-16-2,meso-hexestrol,CCC(c1ccc(O)cc1)C(CC)c1ccc(O)cc1,4.37,,,,
84-17-3,dienestrol,CC=C(C(=CC)c1ccc(O)cc1)c1ccc(O)cc1,5.08,,,,
84-66-2,diethylphthalate,CCOC(=O)c1ccccc1C(=O)OCC,1.77,,,,
85-68-7,butylbenzylphthalate,CCCCc1ccc(C(=O)[O-])c(C(=O)[O-])c1Cc1ccccc1,4.3,,,,
87-61-6,"1,2,3-trichlorobenzene",Clc1cccc(Cl)c1Cl,4.19,,,,
87-65-0,"2,6-dichlorophenol",Oc1c(Cl)cccc1Cl,2.86,,,,
87-86-5,pentachlorophenol,Oc1c(Cl)c(Cl)c(Cl)c(Cl)c1Cl,5.1,,,,
1988.5.1,"2,4,6-trimethylaniline",Cc1cc(C)c(N)c(C)c1,2.38,,,,
1988.6.2,"2,4,6-trichlorophenol",Oc1c(Cl)cc(Cl)cc1Cl,3.8,,,,
88-18-6,2-tert-butylphenol,CC(C)(C)c1ccccc1O,3.51,,,,
88-75-5,2-nitrophenol,O=[N+]([O-])c1ccccc1O,1.89,,,,
88-85-7,"2-sec-butyl-4,6-dinitrophenol",CCC(C)c1cc([N+](=O)[O-])cc([N+](=O)[O-])c1O,3.73,,,,
88150-42-9,amlodipine,CCOC(=O)C1=C(COCCN)NC(C)=C(C(=O)OC)C1c1ccccc1Cl,3.75,,,,
89-72-5,2-sec-butylphenol,CCC(C)c1ccccc1O,3.47,,,,
90-00-6,2-ethylphenol,CCc1ccccc1O,2.81,,,,
91-22-5,quinoline,c1ccc2ncccc2c1,1.67,,,,
92-69-3,4-phenylphenol,Oc1ccc(-c2ccccc2)cc1,3.52,,,,
928-40-5,"1,5-hexanediol",CC(O)CCCCO,-0.22,,,,
928-90-5,5-hexyn-1-ol,C#CCCCCO,0.78,,,,
928-95-0,trans-2-hexen-1-ol,CCC/C=C/CO,1.36,,,,
928-96-1,cis-3-hexen-1-ol,CC/C=C\CCO,1.2,,,,
928-97-2,trans-3-hexen-1-ol,CC/C=C/CCO,1.23,,,,
94-18-8,benzyl-4-hydroxybenzoate,O=C(OCc1ccccc1)c1ccc(O)cc1,3.75,,,,
94-24-6,tetracaine,CCCCNc1ccc(C(=O)OCCN(C)C)cc1,3.23,,,,
94-26-8,butyl-4-hydroxybenzoate,CCCCOC(=O)c1ccc(O)cc1,3.4,,,,
95-48-7,2-methylphenol,Cc1ccccc1O,2.45,,,,
95-57-8,2-chlorophenol,Oc1ccccc1Cl,2.76,,,,
95-64-7,"3,4-dimethylaniline",Cc1ccc(N)cc1C,2.11,,,,
95-77-2,"3,4-dichlorophenol",Oc1ccc(Cl)c(Cl)c1,3.76,,,,
95-95-4,"2,4,5-trichlorophenol",Oc1cc(Cl)c(Cl)cc1Cl,4.46,,,,
96-41-3,cyclopentanol,OC1CCCC1,0.52,,,,
98-17-9,3-trifluoromethylphenol,Oc1cccc(C(F)(F)F)c1,3.25,,,,
98-54-4,4-tert-butylphenol,CC(C)(C)c1ccc(O)cc1,3.48,,,,
1999.9.2,3-nitroaniline,Nc1cccc([N+](=O)[O-])c1,2.17,,,,
99-71-8,4-sec-butylphenol,CCC(C)c1ccc(O)cc1,3.26,,,,
99-89-8,4-isopropylphenol,CC(C)c1ccc(O)cc1,3.25,,,,