compound,SMILES,pose_method,desolv_method,logK_pred,albumin_exp
"1,2,4-Trimethylbenzene",Cc1ccc(C)c(C)c1,A,none,2.548338934707252,3.35
"1,2-Dichlorobenzene",Clc1ccccc1Cl,A,none,1.8000049276951575,3.03
1-Hexanol,CCCCCCO,A,none,1.1594817522017555,1.64
Benzene,c1ccccc1,A,none,1.6294806059466391,1.58
Carbon tetrachloride,ClC(Cl)(Cl)Cl,A,none,0.5640559179972175,1.77
Halothane,FC(F)(F)C(Cl)Br,A,none,1.2384020994572684,1.62
Enflurane,FC(F)OC(F)(F)C(F)Cl,A,none,1.8472162068569378,1.59
Isoflurane,FC(F)OC(Cl)C(F)(F)F,A,none,1.9698246034860376,1.58
Chlorobenzene,Clc1ccccc1,A,none,1.7718190893896173,2.32
Cycloheptane,C1CCCCCC1,A,none,0.45272185669033327,2.52
Cyclohexane,C1CCCCC1,A,none,1.557606718267511,2.01
Ethylbenzene,CCc1ccccc1,A,none,2.103002689479715,2.7
Heptane,CCCCCCC,A,none,1.2856133786190478,3.59
Hexafluorobenzene,Fc1c(F)c(F)c(F)c(F)c1F,A,none,2.6906774181502295,1.55
Hexane,CCCCCC,A,none,1.060126672174726,3.09
Methoxyflurane,COC(F)(F)C(Cl)Cl,A,none,1.2799762109579396,1.77
Methylpentafluorobenzene,Cc1c(F)c(F)c(F)c(F)c1F,A,none,2.6096431330218013,2.32
Nonane,CCCCCCCCC,A,none,1.635822419565386,4.45
Propylbenzene,CCCc1ccccc1,A,none,2.2206785644053464,2.95
Tetrachloroethene,ClC(Cl)=C(Cl)Cl,A,none,0.9981178279025373,2.4
Toluene,Cc1ccccc1,A,none,1.9155668647478725,2.26
Trichloroethene,ClC=C(Cl)Cl,A,none,0.6690481656853549,1.88
1-heptanol,CCCCCCCO,A,none,1.3145038628822268,2.18
di-n-butyl ether,CCCCOCCCC,A,none,1.1594817522017555,2.01
Cyclooctane,C1CCCCCCC1,A,none,0.5548955205479169,2.98
Octan-1-ol,CCCCCCCCO,A,none,1.4216100484432799,2.74
Nonan-1-ol,CCCCCCCCCO,A,none,1.7450425429993541,3.1
1-Chlorooctane,CCCCCCCCCl,A,none,1.438521551426604,3.85
1-Nonene,C=CCCCCCCC,A,none,1.6027040595563755,4.22
"1,2,4-Trichlorobenzene",Clc1ccc(Cl)c(Cl)c1,A,none,2.014921944774902,3.6
Dipentyl ether,CCCCCOCCCCC,A,none,1.5695856995473663,3.0
2-octanone,CCCCCCC(C)=O,A,none,1.6534385685063482,2.09
2-nonanone,CCCCCCCC(C)=O,A,none,1.8063467413139045,2.48
2-Nitrotoluene,Cc1ccccc1[N+](=O)[O-],A,none,2.315101122728906,2.12
4-Nitroanisole,COc1ccc([N+](=O)[O-])cc1,A,none,2.272822365270596,2.48
4-Chlorophenol,Oc1ccc(Cl)cc1,A,none,1.6590757361674564,2.43
4-Ethyl-3-hexanol,CCC(O)C(CC)CC,A,none,1.6287759599890004,1.48
"2,4-Dinitrotoluene",Cc1ccc([N+](=O)[O-])cc1[N+](=O)[O-],A,none,3.141650831038874,1.73
Styrene,C=Cc1ccccc1,A,none,2.1410535711921947,2.76
Octane,CCCCCCCC,A,none,1.475867787181445,4.01
3-Chlorophenol,Oc1cccc(Cl)c1,A,none,1.798595635779881,2.35
4-bromophenol,Oc1ccc(Br)cc1,A,none,1.7774562570507255,2.81
4-Iodoaniline,Nc1ccc(I)cc1,A,none,1.8683555855860932,2.95
"N,N-Diethylaniline",CCN(CC)c1ccccc1,A,none,2.3461055448650003,2.27
4-n-Propylphenol,CCCc1ccc(O)cc1,A,none,2.4193887244594046,2.59
4-iodophenol,Oc1ccc(I)cc1,A,none,1.7943677600340497,3.41
Phenanthrene,c1ccc2c(c1)ccc1ccccc12,A,none,4.475545628848566,4.15
Fluoranthene,c1ccc2c(c1)-c1cccc3cccc-2c13,A,none,4.511482572688131,4.28
Pyrene,c1cc2ccc3cccc4ccc(c1)c2c34,A,none,4.125336587902229,4.76
1-heptyne,C#CCCCCC,A,none,1.5103954391057317,2.49
tribromomethane,BrC(Br)Br,A,none,0.31179266516263215,1.95
γ-hexachlorocyclohexane,ClC1C(Cl)C(Cl)C(Cl)C(Cl)C1Cl,A,none,1.8246675362125053,2.46
2-decanone,CCCCCCCCC(C)=O,A,none,1.9127482809173189,2.88
1-nitrooctane,CCCCCCCC[N+](=O)[O-],A,none,1.8655370017555386,3.38
tri-n-butyl phosphate,CCCCOP(=O)(OCCCC)OCCCC,A,none,2.050858888614466,2.47
"1,4-dibromobenzene",Brc1ccc(Br)cc1,A,none,1.9472759328416052,3.97
"1,2,3,4-tetrachlorobenzene",Clc1ccc(Cl)c(Cl)c1Cl,A,none,2.2587294461178256,4.21
indene,C1=Cc2ccccc2C1,A,none,2.5116973449100493,2.92
naphthalene,c1ccc2ccccc2c1,A,none,3.088802384215986,3.56
dibenzofuran,c1ccc2c(c1)oc1ccccc12,A,none,3.7730136090829753,3.79
dibenzothiophene,c1ccc2c(c1)sc1ccccc12,A,none,3.598261411588626,4.16
chrysene,c1ccc2c(c1)ccc1c3ccccc3ccc21,A,none,3.7413045409892427,4.46
benzo[b]fluoranthene,c1ccc2c(c1)-c1cccc3c1c-2cc1ccccc13,A,none,4.219759146225789,4.42
benzo[ghi]perylene,c1cc2ccc3ccc4ccc5cccc6c(c1)c2c3c4c56,A,none,4.619998050164462,4.76
anisole,COc1ccccc1,A,none,1.8218489523819512,2.16
valerophenone,CCCCC(=O)c1ccccc1,A,none,2.6131663628099937,2.7
benzophenone,O=C(c1ccccc1)c1ccccc1,A,none,3.5066574370956203,2.62
di-n-propyl phthalate,CCCOC(=O)c1ccccc1C(=O)OCCC,A,none,2.358084526144854,2.84
1-nitronaphthalene,O=[N+]([O-])c1cccc2ccccc12,A,none,3.018337788452135,3.17
4-chlorobenzyl alcohol,OCc1ccc(Cl)cc1,A,none,1.9648920817825681,2.1
2-phenylphenol,Oc1ccccc1-c1ccccc1,A,none,3.627151895851805,2.62
4-fluorophenol,Oc1ccc(F)cc1,A,none,1.7140381208632598,1.57
bisphenol A,CC(C)(c1ccc(O)cc1)c1ccc(O)cc1,A,none,3.6123543307413963,2.88
4-nitroaniline,Nc1ccc([N+](=O)[O-])cc1,A,none,2.061428577979043,1.69
2-chloroaniline,Nc1ccccc1Cl,A,none,2.017740528605456,1.95
4-aminobiphenyl,Nc1ccc(-c2ccccc2)cc1,A,none,3.7152326405566183,2.55
indole,c1ccc2[nH]ccc2c1,A,none,2.465895357663546,2.25
carbazole,c1ccc2c(c1)[nH]c1ccccc12,A,none,3.8568664780419586,3.52
metolachlor,CCc1cccc(C)c1N(C(=O)CCl)C(C)COC,A,none,2.4518024385107764,1.74
atrazine,CCNc1nc(Cl)nc(NC(C)C)n1,A,none,2.4666000036211844,1.77
diazepam,CN1C(=O)CN=C(c2ccccc2)c2cc(Cl)ccc21,A,none,2.0106940690290713,2.68
estrone,CC12CCC3c4ccc(O)cc4CCC3C1CCC2=O,A,none,4.166206053445263,2.69
endosulfan α,O=S1OCC2C(CO1)C1(Cl)C(Cl)=C(Cl)C2(Cl)C1(Cl)Cl,A,none,1.750679710660462,3.24
"1,2,4-Trimethylbenzene",Cc1ccc(C)c(C)c1,A,GFN1/gbsa,1.7686721592871741,3.35
"1,2-Dichlorobenzene",Clc1ccccc1Cl,A,GFN1/gbsa,0.3918519109690082,3.03
1-Hexanol,CCCCCCO,A,GFN1/gbsa,-2.007109009230468,1.64
Benzene,c1ccccc1,A,GFN1/gbsa,1.0330861394557656,1.58
Carbon tetrachloride,ClC(Cl)(Cl)Cl,A,GFN1/gbsa,0.2919706705952052,1.77
Halothane,FC(F)(F)C(Cl)Br,A,GFN1/gbsa,0.5963411053241479,1.62
Enflurane,FC(F)OC(F)(F)C(F)Cl,A,GFN1/gbsa,-0.05053954141779826,1.59
Isoflurane,FC(F)OC(Cl)C(F)(F)F,A,GFN1/gbsa,-1.87186186330866,1.58
Chlorobenzene,Clc1ccccc1,A,GFN1/gbsa,0.8133182391657687,2.32
Cycloheptane,C1CCCCCC1,A,GFN1/gbsa,1.1975089016208003,2.52
Cyclohexane,C1CCCCC1,A,GFN1/gbsa,2.3026798562341786,2.01
Ethylbenzene,CCc1ccccc1,A,GFN1/gbsa,1.5842247824503013,2.7
Heptane,CCCCCCC,A,GFN1/gbsa,2.1170475012222023,3.59
Hexafluorobenzene,Fc1c(F)c(F)c(F)c(F)c1F,A,GFN1/gbsa,0.7977560226163192,1.55
Hexane,CCCCCC,A,GFN1/gbsa,1.8821182981374336,3.09
Methoxyflurane,COC(F)(F)C(Cl)Cl,A,GFN1/gbsa,-2.2853628736026823,1.77
Methylpentafluorobenzene,Cc1c(F)c(F)c(F)c(F)c1F,A,GFN1/gbsa,0.21079687774379785,2.32
Nonane,CCCCCCCCC,A,GFN1/gbsa,2.5418254996497542,4.45
Propylbenzene,CCCc1ccccc1,A,GFN1/gbsa,1.772727572967491,2.95
Tetrachloroethene,ClC(Cl)=C(Cl)Cl,A,GFN1/gbsa,0.5327364420950964,2.4
Toluene,Cc1ccccc1,A,GFN1/gbsa,1.2662198014837989,2.26
Trichloroethene,ClC=C(Cl)Cl,A,GFN1/gbsa,-0.014916927432868876,1.88
1-heptanol,CCCCCCCO,A,GFN1/gbsa,-1.911844934007687,2.18
di-n-butyl ether,CCCCOCCCC,A,GFN1/gbsa,-0.518979677750099,2.01
Cyclooctane,C1CCCCCCC1,A,GFN1/gbsa,1.3114286479008799,2.98
Octan-1-ol,CCCCCCCCO,A,GFN1/gbsa,-1.422175164582291,2.74
Nonan-1-ol,CCCCCCCCCO,A,GFN1/gbsa,-1.374434738796352,3.1
1-Chlorooctane,CCCCCCCCCl,A,GFN1/gbsa,1.1639021044870619,3.85
1-Nonene,C=CCCCCCCC,A,GFN1/gbsa,2.041634757118764,4.22
"1,2,4-Trichlorobenzene",Clc1ccc(Cl)c(Cl)c1,A,GFN1/gbsa,0.6081255757629407,3.6
Dipentyl ether,CCCCCOCCCCC,A,GFN1/gbsa,-0.08223522581620224,3.0
2-octanone,CCCCCCC(C)=O,A,GFN1/gbsa,-1.8481047408174902,2.09
2-nonanone,CCCCCCCC(C)=O,A,GFN1/gbsa,-1.492209605368894,2.48
2-Nitrotoluene,Cc1ccccc1[N+](=O)[O-],A,GFN1/gbsa,-1.355338181834255,2.12
4-Nitroanisole,COc1ccc([N+](=O)[O-])cc1,A,GFN1/gbsa,-3.4224412860163733,2.48
4-Chlorophenol,Oc1ccc(Cl)cc1,A,GFN1/gbsa,-2.873831677958993,2.43
4-Ethyl-3-hexanol,CCC(O)C(CC)CC,A,GFN1/gbsa,-0.9785810982574589,1.48
"2,4-Dinitrotoluene",Cc1ccc([N+](=O)[O-])cc1[N+](=O)[O-],A,GFN1/gbsa,-3.1478999071231053,1.73
Styrene,C=Cc1ccccc1,A,GFN1/gbsa,1.1096808020355091,2.76
Octane,CCCCCCCC,A,GFN1/gbsa,2.343947154855503,4.01
3-Chlorophenol,Oc1cccc(Cl)c1,A,GFN1/gbsa,-2.857074183535188,2.35
4-bromophenol,Oc1ccc(Br)cc1,A,GFN1/gbsa,-2.747994661271888,2.81
4-Iodoaniline,Nc1ccc(I)cc1,A,GFN1/gbsa,-2.75748938247313,2.95
"N,N-Diethylaniline",CCN(CC)c1ccccc1,A,GFN1/gbsa,0.4791884329864158,2.27
4-n-Propylphenol,CCCc1ccc(O)cc1,A,GFN1/gbsa,-1.5572925254964396,2.59
4-iodophenol,Oc1ccc(I)cc1,A,GFN1/gbsa,-3.274001193407069,3.41
Phenanthrene,c1ccc2c(c1)ccc1ccccc12,A,GFN1/gbsa,2.253837930896537,4.15
Fluoranthene,c1ccc2c(c1)-c1cccc3cccc-2c13,A,GFN1/gbsa,1.8898091344700152,4.28
Pyrene,c1cc2ccc3cccc4ccc(c1)c2c34,A,GFN1/gbsa,1.525888088962497,4.76
1-heptyne,C#CCCCCC,A,GFN1/gbsa,1.20043130091012,2.49
tribromomethane,BrC(Br)Br,A,GFN1/gbsa,-0.5753146503387112,1.95
γ-hexachlorocyclohexane,ClC1C(Cl)C(Cl)C(Cl)C(Cl)C1Cl,A,GFN1/gbsa,-6.001870752653428,2.46
2-decanone,CCCCCCCCC(C)=O,A,GFN1/gbsa,-1.53004533716661,2.88
1-nitrooctane,CCCCCCCC[N+](=O)[O-],A,GFN1/gbsa,-1.4949037220911499,3.38
tri-n-butyl phosphate,CCCCOP(=O)(OCCCC)OCCCC,A,GFN1/gbsa,-4.962857477532806,2.47
"1,4-dibromobenzene",Brc1ccc(Br)cc1,A,GFN1/gbsa,0.6423463897131656,3.97
"1,2,3,4-tetrachlorobenzene",Clc1ccc(Cl)c(Cl)c1Cl,A,GFN1/gbsa,0.4973048847723871,4.21
indene,C1=Cc2ccccc2C1,A,GFN1/gbsa,1.3971408294325043,2.92
naphthalene,c1ccc2ccccc2c1,A,GFN1/gbsa,1.667854225239072,3.56
dibenzofuran,c1ccc2c(c1)oc1ccccc12,A,GFN1/gbsa,1.6452736092296791,3.79
dibenzothiophene,c1ccc2c(c1)sc1ccccc12,A,GFN1/gbsa,1.706749929096019,4.16
chrysene,c1ccc2c(c1)ccc1c3ccccc3ccc21,A,GFN1/gbsa,0.6986386744328654,4.46
benzo[b]fluoranthene,c1ccc2c(c1)-c1cccc3c1c-2cc1ccccc13,A,GFN1/gbsa,0.8802104492769178,4.42
benzo[ghi]perylene,c1cc2ccc3ccc4ccc5cccc6c(c1)c2c3c4c56,A,GFN1/gbsa,0.8350829741928738,4.76
anisole,COc1ccccc1,A,GFN1/gbsa,-0.5490841548115608,2.16
valerophenone,CCCCC(=O)c1ccccc1,A,GFN1/gbsa,-1.6977763644762582,2.7
benzophenone,O=C(c1ccccc1)c1ccccc1,A,GFN1/gbsa,-1.409743108350849,2.62
di-n-propyl phthalate,CCCOC(=O)c1ccccc1C(=O)OCCC,A,GFN1/gbsa,-5.531912429806226,2.84
1-nitronaphthalene,O=[N+]([O-])c1cccc2ccccc12,A,GFN1/gbsa,-1.1296850256202875,3.17
4-chlorobenzyl alcohol,OCc1ccc(Cl)cc1,A,GFN1/gbsa,-1.9786824784691266,2.1
2-phenylphenol,Oc1ccccc1-c1ccccc1,A,GFN1/gbsa,-1.9795264703784392,2.62
4-fluorophenol,Oc1ccc(F)cc1,A,GFN1/gbsa,-3.2218064351795235,1.57
bisphenol A,CC(C)(c1ccc(O)cc1)c1ccc(O)cc1,A,GFN1/gbsa,-4.816299438580647,2.88
4-nitroaniline,Nc1ccc([N+](=O)[O-])cc1,A,GFN1/gbsa,-6.895954585466551,1.69
2-chloroaniline,Nc1ccccc1Cl,A,GFN1/gbsa,-1.4833512345563575,1.95
4-aminobiphenyl,Nc1ccc(-c2ccccc2)cc1,A,GFN1/gbsa,-0.9349591239820079,2.55
indole,c1ccc2[nH]ccc2c1,A,GFN1/gbsa,-0.9850324409221495,2.25
carbazole,c1ccc2c(c1)[nH]c1ccccc12,A,GFN1/gbsa,0.04950339646491542,3.52
metolachlor,CCc1cccc(C)c1N(C(=O)CCl)C(C)COC,A,GFN1/gbsa,-5.250909141469593,1.74
atrazine,CCNc1nc(Cl)nc(NC(C)C)n1,A,GFN1/gbsa,-4.621357818035419,1.77
diazepam,CN1C(=O)CN=C(c2ccccc2)c2cc(Cl)ccc21,A,GFN1/gbsa,-5.9626690334826815,2.68
estrone,CC12CCC3c4ccc(O)cc4CCC3C1CCC2=O,A,GFN1/gbsa,-3.0468281842637137,2.69
endosulfan α,O=S1OCC2C(CO1)C1(Cl)C(Cl)=C(Cl)C2(Cl)C1(Cl)Cl,A,GFN1/gbsa,-13.08278863136211,3.24
"1,2,4-Trimethylbenzene",Cc1ccc(C)c(C)c1,A,GFN1/alpb,2.1619873045272997,3.35
"1,2-Dichlorobenzene",Clc1ccccc1Cl,A,GFN1/alpb,0.6874636998532919,3.03
1-Hexanol,CCCCCCO,A,GFN1/alpb,-2.5413003776729672,1.64
Benzene,c1ccccc1,A,GFN1/alpb,1.2736623841471761,1.58
Carbon tetrachloride,ClC(Cl)(Cl)Cl,A,GFN1/alpb,0.09317869105749588,1.77
Halothane,FC(F)(F)C(Cl)Br,A,GFN1/alpb,0.8673836672448338,1.62
Enflurane,FC(F)OC(F)(F)C(F)Cl,A,GFN1/alpb,0.7103814562640474,1.59
Isoflurane,FC(F)OC(Cl)C(F)(F)F,A,GFN1/alpb,-0.39757143138453466,1.58
Chlorobenzene,Clc1ccccc1,A,GFN1/alpb,1.069262048734199,2.32
Cycloheptane,C1CCCCCC1,A,GFN1/alpb,1.062658391119824,2.52
Cyclohexane,C1CCCCC1,A,GFN1/alpb,2.195692623926911,2.01
Ethylbenzene,CCc1ccccc1,A,GFN1/alpb,1.8642806032950214,2.7
Heptane,CCCCCCC,A,GFN1/alpb,1.9492704218618782,3.59
Hexafluorobenzene,Fc1c(F)c(F)c(F)c(F)c1F,A,GFN1/alpb,1.8746411788096942,1.55
Hexane,CCCCCC,A,GFN1/alpb,1.729272761255455,3.09
Methoxyflurane,COC(F)(F)C(Cl)Cl,A,GFN1/alpb,-1.9155505097495906,1.77
Methylpentafluorobenzene,Cc1c(F)c(F)c(F)c(F)c1F,A,GFN1/alpb,0.8821848820379903,2.32
Nonane,CCCCCCCCC,A,GFN1/alpb,2.2368003328988535,4.45
Propylbenzene,CCCc1ccccc1,A,GFN1/alpb,1.947354897595178,2.95
Tetrachloroethene,ClC(Cl)=C(Cl)Cl,A,GFN1/alpb,0.43350331720013546,2.4
Toluene,Cc1ccccc1,A,GFN1/alpb,1.5845763842583391,2.26
Trichloroethene,ClC=C(Cl)Cl,A,GFN1/alpb,0.020661891959196765,1.88
1-heptanol,CCCCCCCO,A,GFN1/alpb,-2.164764645673707,2.18
di-n-butyl ether,CCCCOCCCC,A,GFN1/alpb,-0.7618410338485859,2.01
Cyclooctane,C1CCCCCCC1,A,GFN1/alpb,1.1641183593756672,2.98
Octan-1-ol,CCCCCCCCO,A,GFN1/alpb,-1.924326373794168,2.74
Nonan-1-ol,CCCCCCCCCO,A,GFN1/alpb,-2.0857750936260753,3.1
1-Chlorooctane,CCCCCCCCCl,A,GFN1/alpb,1.1051181506901666,3.85
1-Nonene,C=CCCCCCCC,A,GFN1/alpb,1.9256763438288966,4.22
"1,2,4-Trichlorobenzene",Clc1ccc(Cl)c(Cl)c1,A,GFN1/alpb,0.8002583113966231,3.6
Dipentyl ether,CCCCCOCCCCC,A,GFN1/alpb,-0.4202249470689845,3.0
2-octanone,CCCCCCC(C)=O,A,GFN1/alpb,-1.6657012134586353,2.09
2-nonanone,CCCCCCCC(C)=O,A,GFN1/alpb,-1.5318631791735773,2.48
2-Nitrotoluene,Cc1ccccc1[N+](=O)[O-],A,GFN1/alpb,-1.954440947213517,2.12
4-Nitroanisole,COc1ccc([N+](=O)[O-])cc1,A,GFN1/alpb,-3.8988879239390473,2.48
4-Chlorophenol,Oc1ccc(Cl)cc1,A,GFN1/alpb,-3.3415431024692523,2.43
4-Ethyl-3-hexanol,CCC(O)C(CC)CC,A,GFN1/alpb,-0.928415734207973,1.48
"2,4-Dinitrotoluene",Cc1ccc([N+](=O)[O-])cc1[N+](=O)[O-],A,GFN1/alpb,-4.529086070472829,1.73
Styrene,C=Cc1ccccc1,A,GFN1/alpb,1.4191885266432411,2.76
Octane,CCCCCCCC,A,GFN1/alpb,2.090708076734346,4.01
3-Chlorophenol,Oc1cccc(Cl)c1,A,GFN1/alpb,-3.3041637617515724,2.35
4-bromophenol,Oc1ccc(Br)cc1,A,GFN1/alpb,-3.439921417189119,2.81
4-Iodoaniline,Nc1ccc(I)cc1,A,GFN1/alpb,-3.217390866995193,2.95
"N,N-Diethylaniline",CCN(CC)c1ccccc1,A,GFN1/alpb,0.5523756574696788,2.27
4-n-Propylphenol,CCCc1ccc(O)cc1,A,GFN1/alpb,-2.096959163918138,2.59
4-iodophenol,Oc1ccc(I)cc1,A,GFN1/alpb,-3.56286918852949,3.41
Phenanthrene,c1ccc2c(c1)ccc1ccccc12,A,GFN1/alpb,2.8069034200604848,4.15
Fluoranthene,c1ccc2c(c1)-c1cccc3cccc-2c13,A,GFN1/alpb,2.4831855117294395,4.28
Pyrene,c1cc2ccc3cccc4ccc(c1)c2c34,A,GFN1/alpb,2.2391485354025185,4.76
1-heptyne,C#CCCCCC,A,GFN1/alpb,1.2785348182947867,2.49
tribromomethane,BrC(Br)Br,A,GFN1/alpb,-0.9388591859651771,1.95
γ-hexachlorocyclohexane,ClC1C(Cl)C(Cl)C(Cl)C(Cl)C1Cl,A,GFN1/alpb,-4.4437261218705135,2.46
2-decanone,CCCCCCCCC(C)=O,A,GFN1/alpb,-1.485069873452994,2.88
1-nitrooctane,CCCCCCCC[N+](=O)[O-],A,GFN1/alpb,-2.475905478013761,3.38
tri-n-butyl phosphate,CCCCOP(=O)(OCCCC)OCCCC,A,GFN1/alpb,-6.441453577417429,2.47
"1,4-dibromobenzene",Brc1ccc(Br)cc1,A,GFN1/alpb,0.4563956377695928,3.97
"1,2,3,4-tetrachlorobenzene",Clc1ccc(Cl)c(Cl)c1Cl,A,GFN1/alpb,0.7294606450099383,4.21
indene,C1=Cc2ccccc2C1,A,GFN1/alpb,1.776320883763352,2.92
naphthalene,c1ccc2ccccc2c1,A,GFN1/alpb,2.0512672744039135,3.56
dibenzofuran,c1ccc2c(c1)oc1ccccc12,A,GFN1/alpb,1.5479157437161875,3.79
dibenzothiophene,c1ccc2c(c1)sc1ccccc12,A,GFN1/alpb,2.1240633617093074,4.16
chrysene,c1ccc2c(c1)ccc1c3ccccc3ccc21,A,GFN1/alpb,1.3563387065147703,4.46
benzo[b]fluoranthene,c1ccc2c(c1)-c1cccc3c1c-2cc1ccccc13,A,GFN1/alpb,1.7166830885508122,4.42
benzo[ghi]perylene,c1cc2ccc3ccc4ccc5cccc6c(c1)c2c3c4c56,A,GFN1/alpb,1.717243013823179,4.76
anisole,COc1ccccc1,A,GFN1/alpb,-0.3238085014636245,2.16
valerophenone,CCCCC(=O)c1ccccc1,A,GFN1/alpb,-1.191859748138799,2.7
benzophenone,O=C(c1ccccc1)c1ccccc1,A,GFN1/alpb,-0.6936800301161778,2.62
di-n-propyl phthalate,CCCOC(=O)c1ccccc1C(=O)OCCC,A,GFN1/alpb,-5.445709736883031,2.84
1-nitronaphthalene,O=[N+]([O-])c1cccc2ccccc12,A,GFN1/alpb,-1.6465212617348923,3.17
4-chlorobenzyl alcohol,OCc1ccc(Cl)cc1,A,GFN1/alpb,-2.032709601064176,2.1
2-phenylphenol,Oc1ccccc1-c1ccccc1,A,GFN1/alpb,-1.8534668073306835,2.62
4-fluorophenol,Oc1ccc(F)cc1,A,GFN1/alpb,-3.4639989071230315,1.57
bisphenol A,CC(C)(c1ccc(O)cc1)c1ccc(O)cc1,A,GFN1/alpb,-5.874976193142665,2.88
4-nitroaniline,Nc1ccc([N+](=O)[O-])cc1,A,GFN1/alpb,-8.305454488524875,1.69
2-chloroaniline,Nc1ccccc1Cl,A,GFN1/alpb,-1.940519284940867,1.95
4-aminobiphenyl,Nc1ccc(-c2ccccc2)cc1,A,GFN1/alpb,-1.4429031041059042,2.55
indole,c1ccc2[nH]ccc2c1,A,GFN1/alpb,-0.8205686892663364,2.25
carbazole,c1ccc2c(c1)[nH]c1ccccc12,A,GFN1/alpb,0.6456035623288603,3.52
metolachlor,CCc1cccc(C)c1N(C(=O)CCl)C(C)COC,A,GFN1/alpb,-4.754075245247588,1.74
atrazine,CCNc1nc(Cl)nc(NC(C)C)n1,A,GFN1/alpb,-3.7718323074613327,1.77
diazepam,CN1C(=O)CN=C(c2ccccc2)c2cc(Cl)ccc21,A,GFN1/alpb,-4.927076606716396,2.68
estrone,CC12CCC3c4ccc(O)cc4CCC3C1CCC2=O,A,GFN1/alpb,-3.7880272744073094,2.69
endosulfan α,O=S1OCC2C(CO1)C1(Cl)C(Cl)=C(Cl)C2(Cl)C1(Cl)Cl,A,GFN1/alpb,-9.939049986403855,3.24
"1,2,4-Trimethylbenzene",Cc1ccc(C)c(C)c1,A,GFN2/gbsa,1.3419426948928432,3.35
"1,2-Dichlorobenzene",Clc1ccccc1Cl,A,GFN2/gbsa,-0.8067593958765777,3.03
1-Hexanol,CCCCCCO,A,GFN2/gbsa,-1.7671637293772553,1.64
Benzene,c1ccccc1,A,GFN2/gbsa,1.0002735306192214,1.58
Carbon tetrachloride,ClC(Cl)(Cl)Cl,A,GFN2/gbsa,0.8241129487035868,1.77
Halothane,FC(F)(F)C(Cl)Br,A,GFN2/gbsa,0.7076170085125253,1.62
Enflurane,FC(F)OC(F)(F)C(F)Cl,A,GFN2/gbsa,1.362445737903644,1.59
Isoflurane,FC(F)OC(Cl)C(F)(F)F,A,GFN2/gbsa,0.896642425525227,1.58
Chlorobenzene,Clc1ccccc1,A,GFN2/gbsa,0.2820499549475035,2.32
Cycloheptane,C1CCCCCC1,A,GFN2/gbsa,-0.008078436396538935,2.52
Cyclohexane,C1CCCCC1,A,GFN2/gbsa,1.1834795843498855,2.01
Ethylbenzene,CCc1ccccc1,A,GFN2/gbsa,1.1723831129526174,2.7
Heptane,CCCCCCC,A,GFN2/gbsa,0.6013960283259383,3.59
Hexafluorobenzene,Fc1c(F)c(F)c(F)c(F)c1F,A,GFN2/gbsa,3.444803818312842,1.55
Hexane,CCCCCC,A,GFN2/gbsa,0.47205758829489897,3.09
Methoxyflurane,COC(F)(F)C(Cl)Cl,A,GFN2/gbsa,-1.2221107073418431,1.77
Methylpentafluorobenzene,Cc1c(F)c(F)c(F)c(F)c1F,A,GFN2/gbsa,1.059862151271484,2.32
Nonane,CCCCCCCCC,A,GFN2/gbsa,0.6659744853985874,4.45
Propylbenzene,CCCc1ccccc1,A,GFN2/gbsa,1.1491722432007436,2.95
Tetrachloroethene,ClC(Cl)=C(Cl)Cl,A,GFN2/gbsa,1.0317439291625359,2.4
Toluene,Cc1ccccc1,A,GFN2/gbsa,1.055236081761835,2.26
Trichloroethene,ClC=C(Cl)Cl,A,GFN2/gbsa,-0.24124723629168687,1.88
1-heptanol,CCCCCCCO,A,GFN2/gbsa,-1.565082534578197,2.18
di-n-butyl ether,CCCCOCCCC,A,GFN2/gbsa,-0.5025576284826372,2.01
Cyclooctane,C1CCCCCCC1,A,GFN2/gbsa,0.007858891021214287,2.98
Octan-1-ol,CCCCCCCCO,A,GFN2/gbsa,-1.534529417051035,2.74
Nonan-1-ol,CCCCCCCCCO,A,GFN2/gbsa,-1.6035915063129813,3.1
1-Chlorooctane,CCCCCCCCCl,A,GFN2/gbsa,-0.5152369907071692,3.85
1-Nonene,C=CCCCCCCC,A,GFN2/gbsa,0.5508602816889216,4.22
"1,2,4-Trichlorobenzene",Clc1ccc(Cl)c(Cl)c1,A,GFN2/gbsa,-0.2428660456621483,3.6
Dipentyl ether,CCCCCOCCCCC,A,GFN2/gbsa,-0.3889564357870283,3.0
2-octanone,CCCCCCC(C)=O,A,GFN2/gbsa,-2.393451971195935,2.09
2-nonanone,CCCCCCCC(C)=O,A,GFN2/gbsa,-2.3845858947676826,2.48
2-Nitrotoluene,Cc1ccccc1[N+](=O)[O-],A,GFN2/gbsa,-2.8603012337019864,2.12
4-Nitroanisole,COc1ccc([N+](=O)[O-])cc1,A,GFN2/gbsa,-4.502037712049659,2.48
4-Chlorophenol,Oc1ccc(Cl)cc1,A,GFN2/gbsa,-2.2214312870335866,2.43
4-Ethyl-3-hexanol,CCC(O)C(CC)CC,A,GFN2/gbsa,-0.8970077832023126,1.48
"2,4-Dinitrotoluene",Cc1ccc([N+](=O)[O-])cc1[N+](=O)[O-],A,GFN2/gbsa,-5.7420860103534785,1.73
Styrene,C=Cc1ccccc1,A,GFN2/gbsa,1.1464898213063677,2.76
Octane,CCCCCCCC,A,GFN2/gbsa,0.6302986125801211,4.01
3-Chlorophenol,Oc1cccc(Cl)c1,A,GFN2/gbsa,-2.188506411679378,2.35
4-bromophenol,Oc1ccc(Br)cc1,A,GFN2/gbsa,-2.207001368525413,2.81
4-Iodoaniline,Nc1ccc(I)cc1,A,GFN2/gbsa,-2.068260822263567,2.95
"N,N-Diethylaniline",CCN(CC)c1ccccc1,A,GFN2/gbsa,0.5276810337127689,2.27
4-n-Propylphenol,CCCc1ccc(O)cc1,A,GFN2/gbsa,-0.9702543228827624,2.59
4-iodophenol,Oc1ccc(I)cc1,A,GFN2/gbsa,-2.4951711222127986,3.41
Phenanthrene,c1ccc2c(c1)ccc1ccccc12,A,GFN2/gbsa,2.843016742327847,4.15
Fluoranthene,c1ccc2c(c1)-c1cccc3cccc-2c13,A,GFN2/gbsa,2.583222497664314,4.28
Pyrene,c1cc2ccc3cccc4ccc(c1)c2c34,A,GFN2/gbsa,2.331424343157748,4.76
1-heptyne,C#CCCCCC,A,GFN2/gbsa,0.347797863315626,2.49
tribromomethane,BrC(Br)Br,A,GFN2/gbsa,-0.875159117462065,1.95
γ-hexachlorocyclohexane,ClC1C(Cl)C(Cl)C(Cl)C(Cl)C1Cl,A,GFN2/gbsa,-7.279029503985482,2.46
2-decanone,CCCCCCCCC(C)=O,A,GFN2/gbsa,-2.4315757339721102,2.88
1-nitrooctane,CCCCCCCC[N+](=O)[O-],A,GFN2/gbsa,-3.2001665744021897,3.38
tri-n-butyl phosphate,CCCCOP(=O)(OCCCC)OCCCC,A,GFN2/gbsa,-6.654989004464603,2.47
"1,4-dibromobenzene",Brc1ccc(Br)cc1,A,GFN2/gbsa,-0.047831767784743295,3.97
"1,2,3,4-tetrachlorobenzene",Clc1ccc(Cl)c(Cl)c1Cl,A,GFN2/gbsa,-0.6683100046800399,4.21
indene,C1=Cc2ccccc2C1,A,GFN2/gbsa,1.2730315219935289,2.92
naphthalene,c1ccc2ccccc2c1,A,GFN2/gbsa,1.9404861905090467,3.56
dibenzofuran,c1ccc2c(c1)oc1ccccc12,A,GFN2/gbsa,1.9490004502688434,3.79
dibenzothiophene,c1ccc2c(c1)sc1ccccc12,A,GFN2/gbsa,1.8606342408929835,4.16
chrysene,c1ccc2c(c1)ccc1c3ccccc3ccc21,A,GFN2/gbsa,1.5990333842297075,4.46
benzo[b]fluoranthene,c1ccc2c(c1)-c1cccc3c1c-2cc1ccccc13,A,GFN2/gbsa,1.8193406566826673,4.42
benzo[ghi]perylene,c1cc2ccc3ccc4ccc5cccc6c(c1)c2c3c4c56,A,GFN2/gbsa,2.191745956569092,4.76
anisole,COc1ccccc1,A,GFN2/gbsa,0.35476848476786405,2.16
valerophenone,CCCCC(=O)c1ccccc1,A,GFN2/gbsa,-1.668895053198911,2.7
benzophenone,O=C(c1ccccc1)c1ccccc1,A,GFN2/gbsa,-1.1824439787898877,2.62
di-n-propyl phthalate,CCCOC(=O)c1ccccc1C(=O)OCCC,A,GFN2/gbsa,-7.122018292174841,2.84
1-nitronaphthalene,O=[N+]([O-])c1cccc2ccccc12,A,GFN2/gbsa,-2.6572326566603484,3.17
4-chlorobenzyl alcohol,OCc1ccc(Cl)cc1,A,GFN2/gbsa,-1.724002577737531,2.1
2-phenylphenol,Oc1ccccc1-c1ccccc1,A,GFN2/gbsa,-0.21116486104309273,2.62
4-fluorophenol,Oc1ccc(F)cc1,A,GFN2/gbsa,-2.1242834026423503,1.57
bisphenol A,CC(C)(c1ccc(O)cc1)c1ccc(O)cc1,A,GFN2/gbsa,-2.872388268028497,2.88
4-nitroaniline,Nc1ccc([N+](=O)[O-])cc1,A,GFN2/gbsa,-7.960577919475215,1.69
2-chloroaniline,Nc1ccccc1Cl,A,GFN2/gbsa,-0.8713425518661405,1.95
4-aminobiphenyl,Nc1ccc(-c2ccccc2)cc1,A,GFN2/gbsa,0.48875596098420626,2.55
indole,c1ccc2[nH]ccc2c1,A,GFN2/gbsa,0.27016019146065684,2.25
carbazole,c1ccc2c(c1)[nH]c1ccccc12,A,GFN2/gbsa,1.4192086190076187,3.52
metolachlor,CCc1cccc(C)c1N(C(=O)CCl)C(C)COC,A,GFN2/gbsa,-4.200148278305106,1.74
atrazine,CCNc1nc(Cl)nc(NC(C)C)n1,A,GFN2/gbsa,-4.630844880275173,1.77
diazepam,CN1C(=O)CN=C(c2ccccc2)c2cc(Cl)ccc21,A,GFN2/gbsa,-5.02271914899819,2.68
estrone,CC12CCC3c4ccc(O)cc4CCC3C1CCC2=O,A,GFN2/gbsa,-2.765291983245698,2.69
endosulfan α,O=S1OCC2C(CO1)C1(Cl)C(Cl)=C(Cl)C2(Cl)C1(Cl)Cl,A,GFN2/gbsa,-10.91909682880801,3.24
"1,2,4-Trimethylbenzene",Cc1ccc(C)c(C)c1,A,GFN2/alpb,1.73345840258254,3.35
"1,2-Dichlorobenzene",Clc1ccccc1Cl,A,GFN2/alpb,-1.0859329520099026,3.03
1-Hexanol,CCCCCCO,A,GFN2/alpb,-2.6238668112062573,1.64
Benzene,c1ccccc1,A,GFN2/alpb,1.2164611157852314,1.58
Carbon tetrachloride,ClC(Cl)(Cl)Cl,A,GFN2/alpb,0.61005673538881,1.77
Halothane,FC(F)(F)C(Cl)Br,A,GFN2/alpb,1.3976406163960728,1.62
Enflurane,FC(F)OC(F)(F)C(F)Cl,A,GFN2/alpb,-0.6143449708014288,1.59
Isoflurane,FC(F)OC(Cl)C(F)(F)F,A,GFN2/alpb,-1.041453816449836,1.58
Chlorobenzene,Clc1ccccc1,A,GFN2/alpb,0.2443975427198315,2.32
Cycloheptane,C1CCCCCC1,A,GFN2/alpb,0.35092017153874355,2.52
Cyclohexane,C1CCCCC1,A,GFN2/alpb,1.4952925126458432,2.01
Ethylbenzene,CCc1ccccc1,A,GFN2/alpb,1.5634000032324709,2.7
Heptane,CCCCCCC,A,GFN2/alpb,1.0656156960357346,3.59
Hexafluorobenzene,Fc1c(F)c(F)c(F)c(F)c1F,A,GFN2/alpb,2.1117409225079524,1.55
Hexane,CCCCCC,A,GFN2/alpb,0.878771277852298,3.09
Methoxyflurane,COC(F)(F)C(Cl)Cl,A,GFN2/alpb,-2.245683580440047,1.77
Methylpentafluorobenzene,Cc1c(F)c(F)c(F)c(F)c1F,A,GFN2/alpb,-0.3688463554866599,2.32
Nonane,CCCCCCCCC,A,GFN2/alpb,1.2825514272185257,4.45
Propylbenzene,CCCc1ccccc1,A,GFN2/alpb,1.6309786894647895,2.95
Tetrachloroethene,ClC(Cl)=C(Cl)Cl,A,GFN2/alpb,0.8252490704547037,2.4
Toluene,Cc1ccccc1,A,GFN2/alpb,1.3358280304627757,2.26
Trichloroethene,ClC=C(Cl)Cl,A,GFN2/alpb,-0.6538086056403565,1.88
1-heptanol,CCCCCCCO,A,GFN2/alpb,-2.3266211903836944,2.18
di-n-butyl ether,CCCCOCCCC,A,GFN2/alpb,-0.4278816800464731,2.01
Cyclooctane,C1CCCCCCC1,A,GFN2/alpb,0.4141918933126898,2.98
Octan-1-ol,CCCCCCCCO,A,GFN2/alpb,-1.996176188126535,2.74
Nonan-1-ol,CCCCCCCCCO,A,GFN2/alpb,-2.2048555215260826,3.1
1-Chlorooctane,CCCCCCCCCl,A,GFN2/alpb,-0.3934024018720985,3.85
1-Nonene,C=CCCCCCCC,A,GFN2/alpb,1.1115122027844873,4.22
"1,2,4-Trichlorobenzene",Clc1ccc(Cl)c(Cl)c1,A,GFN2/alpb,-0.628391027926817,3.6
Dipentyl ether,CCCCCOCCCCC,A,GFN2/alpb,-0.19284255790715066,3.0
2-octanone,CCCCCCC(C)=O,A,GFN2/alpb,-2.2938835192168665,2.09
2-nonanone,CCCCCCCC(C)=O,A,GFN2/alpb,-2.0273277232046776,2.48
2-Nitrotoluene,Cc1ccccc1[N+](=O)[O-],A,GFN2/alpb,-2.63198998775664,2.12
4-Nitroanisole,COc1ccc([N+](=O)[O-])cc1,A,GFN2/alpb,-4.585243825624964,2.48
4-Chlorophenol,Oc1ccc(Cl)cc1,A,GFN2/alpb,-3.4903272730127477,2.43
4-Ethyl-3-hexanol,CCC(O)C(CC)CC,A,GFN2/alpb,-1.2443047045204811,1.48
"2,4-Dinitrotoluene",Cc1ccc([N+](=O)[O-])cc1[N+](=O)[O-],A,GFN2/alpb,-6.052315857913003,1.73
Styrene,C=Cc1ccccc1,A,GFN2/alpb,1.4767673609812193,2.76
Octane,CCCCCCCC,A,GFN2/alpb,1.1792743311811922,4.01
3-Chlorophenol,Oc1cccc(Cl)c1,A,GFN2/alpb,-3.4401129901713654,2.35
4-bromophenol,Oc1ccc(Br)cc1,A,GFN2/alpb,-3.475753646497641,2.81
4-Iodoaniline,Nc1ccc(I)cc1,A,GFN2/alpb,-2.9415977894107685,2.95
"N,N-Diethylaniline",CCN(CC)c1ccccc1,A,GFN2/alpb,0.9686052079083658,2.27
4-n-Propylphenol,CCCc1ccc(O)cc1,A,GFN2/alpb,-1.5996847041943023,2.59
4-iodophenol,Oc1ccc(I)cc1,A,GFN2/alpb,-3.6986565993590146,3.41
Phenanthrene,c1ccc2c(c1)ccc1ccccc12,A,GFN2/alpb,3.4258553208042373,4.15
Fluoranthene,c1ccc2c(c1)-c1cccc3cccc-2c13,A,GFN2/alpb,3.2122716885185594,4.28
Pyrene,c1cc2ccc3cccc4ccc(c1)c2c34,A,GFN2/alpb,2.9657369281450046,4.76
1-heptyne,C#CCCCCC,A,GFN2/alpb,0.6303522101710586,2.49
tribromomethane,BrC(Br)Br,A,GFN2/alpb,-0.8368275556216861,1.95
γ-hexachlorocyclohexane,ClC1C(Cl)C(Cl)C(Cl)C(Cl)C1Cl,A,GFN2/alpb,-8.440204536984583,2.46
2-decanone,CCCCCCCCC(C)=O,A,GFN2/alpb,-2.177981367810686,2.88
1-nitrooctane,CCCCCCCC[N+](=O)[O-],A,GFN2/alpb,-3.161340689384926,3.38
tri-n-butyl phosphate,CCCCOP(=O)(OCCCC)OCCCC,A,GFN2/alpb,-5.247686130445965,2.47
"1,4-dibromobenzene",Brc1ccc(Br)cc1,A,GFN2/alpb,0.1348737734438299,3.97
"1,2,3,4-tetrachlorobenzene",Clc1ccc(Cl)c(Cl)c1Cl,A,GFN2/alpb,-1.1052081809655125,4.21
indene,C1=Cc2ccccc2C1,A,GFN2/alpb,1.546354585681525,2.92
naphthalene,c1ccc2ccccc2c1,A,GFN2/alpb,2.3482882600113784,3.56
dibenzofuran,c1ccc2c(c1)oc1ccccc12,A,GFN2/alpb,2.590946533710049,3.79
dibenzothiophene,c1ccc2c(c1)sc1ccccc12,A,GFN2/alpb,3.274622414224076,4.16
chrysene,c1ccc2c(c1)ccc1c3ccccc3ccc21,A,GFN2/alpb,2.3507452108655023,4.46
benzo[b]fluoranthene,c1ccc2c(c1)-c1cccc3c1c-2cc1ccccc13,A,GFN2/alpb,2.6320071892186045,4.42
benzo[ghi]perylene,c1cc2ccc3ccc4ccc5cccc6c(c1)c2c3c4c56,A,GFN2/alpb,3.029227142575395,4.76
anisole,COc1ccccc1,A,GFN2/alpb,0.4363703411206261,2.16
valerophenone,CCCCC(=O)c1ccccc1,A,GFN2/alpb,-1.3443183069783595,2.7
benzophenone,O=C(c1ccccc1)c1ccccc1,A,GFN2/alpb,-0.6813282662321598,2.62
di-n-propyl phthalate,CCCOC(=O)c1ccccc1C(=O)OCCC,A,GFN2/alpb,-6.862577122164245,2.84
1-nitronaphthalene,O=[N+]([O-])c1cccc2ccccc12,A,GFN2/alpb,-2.1750068096732598,3.17
4-chlorobenzyl alcohol,OCc1ccc(Cl)cc1,A,GFN2/alpb,-2.684031976548833,2.1
2-phenylphenol,Oc1ccccc1-c1ccccc1,A,GFN2/alpb,-0.8344469194258515,2.62
4-fluorophenol,Oc1ccc(F)cc1,A,GFN2/alpb,-3.6546203521299407,1.57
bisphenol A,CC(C)(c1ccc(O)cc1)c1ccc(O)cc1,A,GFN2/alpb,-4.337548156759095,2.88
4-nitroaniline,Nc1ccc([N+](=O)[O-])cc1,A,GFN2/alpb,-9.346088454205336,1.69
2-chloroaniline,Nc1ccccc1Cl,A,GFN2/alpb,-1.5555365908682681,1.95
4-aminobiphenyl,Nc1ccc(-c2ccccc2)cc1,A,GFN2/alpb,0.3338692353760355,2.55
indole,c1ccc2[nH]ccc2c1,A,GFN2/alpb,0.015585864965948382,2.25
carbazole,c1ccc2c(c1)[nH]c1ccccc12,A,GFN2/alpb,1.4883907620699182,3.52
metolachlor,CCc1cccc(C)c1N(C(=O)CCl)C(C)COC,A,GFN2/alpb,-4.621086700678686,1.74
atrazine,CCNc1nc(Cl)nc(NC(C)C)n1,A,GFN2/alpb,-5.644977255791097,1.77
diazepam,CN1C(=O)CN=C(c2ccccc2)c2cc(Cl)ccc21,A,GFN2/alpb,-5.189285570699301,2.68
estrone,CC12CCC3c4ccc(O)cc4CCC3C1CCC2=O,A,GFN2/alpb,-3.0014663208682357,2.69
endosulfan α,O=S1OCC2C(CO1)C1(Cl)C(Cl)=C(Cl)C2(Cl)C1(Cl)Cl,A,GFN2/alpb,-15.306066210341575,3.24
"1,2,4-Trimethylbenzene",Cc1ccc(C)c(C)c1,B1,none,2.1061424640373296,3.35
"1,2-Dichlorobenzene",Clc1ccccc1Cl,B1,none,1.4482022160763401,3.03
1-Hexanol,CCCCCCO,B1,none,0.7509424132992475,1.64
Benzene,c1ccccc1,B1,none,1.2640322961672221,1.58
Carbon tetrachloride,ClC(Cl)(Cl)Cl,B1,none,0.2988469360286543,1.77
Halothane,FC(F)(F)C(Cl)Br,B1,none,0.933760813546205,1.62
Enflurane,FC(F)OC(F)(F)C(F)Cl,B1,none,1.5779018684137522,1.59
Isoflurane,FC(F)OC(Cl)C(F)(F)F,B1,none,1.553967727601282,1.58
Chlorobenzene,Clc1ccccc1,B1,none,1.3793934512475317,2.32
Cycloheptane,C1CCCCCC1,B1,none,-0.023096034653445896,2.52
Cyclohexane,C1CCCCC1,B1,none,1.210637137554265,2.01
Ethylbenzene,CCc1ccccc1,B1,none,1.6970479962196414,2.7
Heptane,CCCCCCC,B1,none,0.8519306822386077,3.59
Hexafluorobenzene,Fc1c(F)c(F)c(F)c(F)c1F,B1,none,2.359355552908293,1.55
Hexane,CCCCCC,B1,none,0.6530391420436463,3.09
Methoxyflurane,COC(F)(F)C(Cl)Cl,B1,none,1.0617070898346381,1.77
Methylpentafluorobenzene,Cc1c(F)c(F)c(F)c(F)c1F,B1,none,2.3905137691679514,2.32
Nonane,CCCCCCCCC,B1,none,1.1562521375424097,4.45
Propylbenzene,CCCc1ccccc1,B1,none,1.7769343122940846,2.95
Tetrachloroethene,ClC(Cl)=C(Cl)Cl,B1,none,0.6550653780556792,2.4
Toluene,Cc1ccccc1,B1,none,1.5530665279425704,2.26
Trichloroethene,ClC=C(Cl)Cl,B1,none,0.28072697834669214,1.88
1-heptanol,CCCCCCCO,B1,none,0.9292011371406743,2.18
di-n-butyl ether,CCCCOCCCC,B1,none,0.8775175607578394,2.01
Cyclooctane,C1CCCCCCC1,B1,none,0.06062709304525904,2.98
Octan-1-ol,CCCCCCCCO,B1,none,1.0436630583415978,2.74
Nonan-1-ol,CCCCCCCCCO,B1,none,1.3051479364538898,3.1
1-Chlorooctane,CCCCCCCCCl,B1,none,1.0544703758927039,3.85
1-Nonene,C=CCCCCCCC,B1,none,1.2575302332980183,4.22
"1,2,4-Trichlorobenzene",Clc1ccc(Cl)c(Cl)c1,B1,none,1.689067578158944,3.6
Dipentyl ether,CCCCCOCCCCC,B1,none,1.2334167774614393,3.0
2-octanone,CCCCCCC(C)=O,B1,none,1.2809532884193051,2.09
2-nonanone,CCCCCCCC(C)=O,B1,none,1.3691456915054876,2.48
2-Nitrotoluene,Cc1ccccc1[N+](=O)[O-],B1,none,1.8684265425188276,2.12
4-Nitroanisole,COc1ccc([N+](=O)[O-])cc1,B1,none,1.783881863322271,2.48
4-Chlorophenol,Oc1ccc(Cl)cc1,B1,none,1.3576802638368788,2.43
4-Ethyl-3-hexanol,CCC(O)C(CC)CC,B1,none,1.273544380571162,1.48
"2,4-Dinitrotoluene",Cc1ccc([N+](=O)[O-])cc1[N+](=O)[O-],B1,none,2.534997474982142,1.73
Styrene,C=Cc1ccccc1,B1,none,1.7569745401285775,2.76
Octane,CCCCCCCC,B1,none,1.0430971354225576,4.01
3-Chlorophenol,Oc1cccc(Cl)c1,B1,none,1.4138651541500113,2.35
4-bromophenol,Oc1ccc(Br)cc1,B1,none,1.3436456840793305,2.81
4-Iodoaniline,Nc1ccc(I)cc1,B1,none,1.3074488002495834,2.95
"N,N-Diethylaniline",CCN(CC)c1ccccc1,B1,none,1.8573018256499902,2.27
4-n-Propylphenol,CCCc1ccc(O)cc1,B1,none,1.8912923642269832,2.59
4-iodophenol,Oc1ccc(I)cc1,B1,none,1.2943168855768192,3.41
Phenanthrene,c1ccc2c(c1)ccc1ccccc12,B1,none,4.160176943631811,4.15
Fluoranthene,c1ccc2c(c1)-c1cccc3cccc-2c13,B1,none,4.039361008856535,4.28
Pyrene,c1cc2ccc3cccc4ccc(c1)c2c34,B1,none,3.7030893479419125,4.76
1-heptyne,C#CCCCCC,B1,none,1.0711764597282953,2.49
tribromomethane,BrC(Br)Br,B1,none,-0.042085077184437214,1.95
γ-hexachlorocyclohexane,ClC1C(Cl)C(Cl)C(Cl)C(Cl)C1Cl,B1,none,1.4585214320596749,2.46
2-decanone,CCCCCCCCC(C)=O,B1,none,1.414133582792545,2.88
1-nitrooctane,CCCCCCCC[N+](=O)[O-],B1,none,1.4114577252802532,3.38
tri-n-butyl phosphate,CCCCOP(=O)(OCCCC)OCCCC,B1,none,1.6118412981643995,2.47
"1,4-dibromobenzene",Brc1ccc(Br)cc1,B1,none,1.4606728251382415,3.97
"1,2,3,4-tetrachlorobenzene",Clc1ccc(Cl)c(Cl)c1Cl,B1,none,1.810321790014711,4.21
indene,C1=Cc2ccccc2C1,B1,none,2.148535784603947,2.92
naphthalene,c1ccc2ccccc2c1,B1,none,2.707965089360982,3.56
dibenzofuran,c1ccc2c(c1)oc1ccccc12,B1,none,3.365920319386541,3.79
dibenzothiophene,c1ccc2c(c1)sc1ccccc12,B1,none,3.165365578919604,4.16
chrysene,c1ccc2c(c1)ccc1c3ccccc3ccc21,B1,none,3.344339451571751,4.46
benzo[b]fluoranthene,c1ccc2c(c1)-c1cccc3c1c-2cc1ccccc13,B1,none,3.7516289880156397,4.42
benzo[ghi]perylene,c1cc2ccc3ccc4ccc5cccc6c(c1)c2c3c4c56,B1,none,4.048126594386451,4.76
anisole,COc1ccccc1,B1,none,1.405325149706138,2.16
valerophenone,CCCCC(=O)c1ccccc1,B1,none,2.203772741160607,2.7
benzophenone,O=C(c1ccccc1)c1ccccc1,B1,none,3.1457777646020744,2.62
di-n-propyl phthalate,CCCOC(=O)c1ccccc1C(=O)OCCC,B1,none,1.9953983048192496,2.84
1-nitronaphthalene,O=[N+]([O-])c1cccc2ccccc12,B1,none,2.571863866082358,3.17
4-chlorobenzyl alcohol,OCc1ccc(Cl)cc1,B1,none,1.5156763246303404,2.1
2-phenylphenol,Oc1ccccc1-c1ccccc1,B1,none,3.0682482685066037,2.62
4-fluorophenol,Oc1ccc(F)cc1,B1,none,1.447095651682977,1.57
bisphenol A,CC(C)(c1ccc(O)cc1)c1ccc(O)cc1,B1,none,3.028513744695465,2.88
4-nitroaniline,Nc1ccc([N+](=O)[O-])cc1,B1,none,1.624775419448532,1.69
2-chloroaniline,Nc1ccccc1Cl,B1,none,1.4915466235368795,1.95
4-aminobiphenyl,Nc1ccc(-c2ccccc2)cc1,B1,none,3.201159719850994,2.55
indole,c1ccc2[nH]ccc2c1,B1,none,2.042165696851551,2.25
carbazole,c1ccc2c(c1)[nH]c1ccccc12,B1,none,3.3906325283716128,3.52
metolachlor,CCc1cccc(C)c1N(C(=O)CCl)C(C)COC,B1,none,1.9607132743867548,1.74
atrazine,CCNc1nc(Cl)nc(NC(C)C)n1,B1,none,1.9859380822214727,1.77
diazepam,CN1C(=O)CN=C(c2ccccc2)c2cc(Cl)ccc21,B1,none,1.3702834760751195,2.68
estrone,CC12CCC3c4ccc(O)cc4CCC3C1CCC2=O,B1,none,3.6649773978193596,2.69
endosulfan α,O=S1OCC2C(CO1)C1(Cl)C(Cl)=C(Cl)C2(Cl)C1(Cl)Cl,B1,none,1.1611458336215534,3.24
"1,2,4-Trimethylbenzene",Cc1ccc(C)c(C)c1,B1,GFN1/gbsa,1.326475688617252,3.35
"1,2-Dichlorobenzene",Clc1ccccc1Cl,B1,GFN1/gbsa,0.04004919935019058,3.03
1-Hexanol,CCCCCCO,B1,GFN1/gbsa,-2.415648348132976,1.64
Benzene,c1ccccc1,B1,GFN1/gbsa,0.6676378296763485,1.58
Carbon tetrachloride,ClC(Cl)(Cl)Cl,B1,GFN1/gbsa,0.02676168862664241,1.77
Halothane,FC(F)(F)C(Cl)Br,B1,GFN1/gbsa,0.29169981941308487,1.62
Enflurane,FC(F)OC(F)(F)C(F)Cl,B1,GFN1/gbsa,-0.3198538798609838,1.59
Isoflurane,FC(F)OC(Cl)C(F)(F)F,B1,GFN1/gbsa,-2.2877187391934153,1.58
Chlorobenzene,Clc1ccccc1,B1,GFN1/gbsa,0.4208926010236831,2.32
Cycloheptane,C1CCCCCC1,B1,GFN1/gbsa,0.7216910102770209,2.52
Cyclohexane,C1CCCCC1,B1,GFN1/gbsa,1.9557102755209321,2.01
Ethylbenzene,CCc1ccccc1,B1,GFN1/gbsa,1.1782700891902276,2.7
Heptane,CCCCCCC,B1,GFN1/gbsa,1.6833648048417622,3.59
Hexafluorobenzene,Fc1c(F)c(F)c(F)c(F)c1F,B1,GFN1/gbsa,0.46643415737438154,1.55
Hexane,CCCCCC,B1,GFN1/gbsa,1.4750307680063535,3.09
Methoxyflurane,COC(F)(F)C(Cl)Cl,B1,GFN1/gbsa,-2.5036319947259837,1.77
Methylpentafluorobenzene,Cc1c(F)c(F)c(F)c(F)c1F,B1,GFN1/gbsa,-0.00833248611005244,2.32
Nonane,CCCCCCCCC,B1,GFN1/gbsa,2.0622552176267783,4.45
Propylbenzene,CCCc1ccccc1,B1,GFN1/gbsa,1.32898332085623,2.95
Tetrachloroethene,ClC(Cl)=C(Cl)Cl,B1,GFN1/gbsa,0.1896839922482383,2.4
Toluene,Cc1ccccc1,B1,GFN1/gbsa,0.9037194646784967,2.26
Trichloroethene,ClC=C(Cl)Cl,B1,GFN1/gbsa,-0.4032381147715318,1.88
1-heptanol,CCCCCCCO,B1,GFN1/gbsa,-2.2971476597492395,2.18
di-n-butyl ether,CCCCOCCCC,B1,GFN1/gbsa,-0.8009438691940152,2.01
Cyclooctane,C1CCCCCCC1,B1,GFN1/gbsa,0.8171602203982218,2.98
Octan-1-ol,CCCCCCCCO,B1,GFN1/gbsa,-1.800122154683973,2.74
Nonan-1-ol,CCCCCCCCCO,B1,GFN1/gbsa,-1.8143293453418163,3.1
1-Chlorooctane,CCCCCCCCCl,B1,GFN1/gbsa,0.7798509289531617,3.85
1-Nonene,C=CCCCCCCC,B1,GFN1/gbsa,1.6964609308604066,4.22
"1,2,4-Trichlorobenzene",Clc1ccc(Cl)c(Cl)c1,B1,GFN1/gbsa,0.28227120914698256,3.6
Dipentyl ether,CCCCCOCCCCC,B1,GFN1/gbsa,-0.4184041479021292,3.0
2-octanone,CCCCCCC(C)=O,B1,GFN1/gbsa,-2.2205900209045333,2.09
2-nonanone,CCCCCCCC(C)=O,B1,GFN1/gbsa,-1.929410655177311,2.48
2-Nitrotoluene,Cc1ccccc1[N+](=O)[O-],B1,GFN1/gbsa,-1.8020127620443334,2.12
4-Nitroanisole,COc1ccc([N+](=O)[O-])cc1,B1,GFN1/gbsa,-3.9113817879646984,2.48
4-Chlorophenol,Oc1ccc(Cl)cc1,B1,GFN1/gbsa,-3.175227150289571,2.43
4-Ethyl-3-hexanol,CCC(O)C(CC)CC,B1,GFN1/gbsa,-1.3338126776752974,1.48
"2,4-Dinitrotoluene",Cc1ccc([N+](=O)[O-])cc1[N+](=O)[O-],B1,GFN1/gbsa,-3.7545532631798375,1.73
Styrene,C=Cc1ccccc1,B1,GFN1/gbsa,0.7256017709718923,2.76
Octane,CCCCCCCC,B1,GFN1/gbsa,1.9111765030966161,4.01
3-Chlorophenol,Oc1cccc(Cl)c1,B1,GFN1/gbsa,-3.2418046651650574,2.35
4-bromophenol,Oc1ccc(Br)cc1,B1,GFN1/gbsa,-3.181805234243283,2.81
4-Iodoaniline,Nc1ccc(I)cc1,B1,GFN1/gbsa,-3.31839616780964,2.95
"N,N-Diethylaniline",CCN(CC)c1ccccc1,B1,GFN1/gbsa,-0.00961528622859431,2.27
4-n-Propylphenol,CCCc1ccc(O)cc1,B1,GFN1/gbsa,-2.085388885728861,2.59
4-iodophenol,Oc1ccc(I)cc1,B1,GFN1/gbsa,-3.7740520678642993,3.41
Phenanthrene,c1ccc2c(c1)ccc1ccccc12,B1,GFN1/gbsa,1.9384692456797814,4.15
Fluoranthene,c1ccc2c(c1)-c1cccc3cccc-2c13,B1,GFN1/gbsa,1.4176875706384195,4.28
Pyrene,c1cc2ccc3cccc4ccc(c1)c2c34,B1,GFN1/gbsa,1.1036408490021796,4.76
1-heptyne,C#CCCCCC,B1,GFN1/gbsa,0.7612123215326831,2.49
tribromomethane,BrC(Br)Br,B1,GFN1/gbsa,-0.9291923926857804,1.95
γ-hexachlorocyclohexane,ClC1C(Cl)C(Cl)C(Cl)C(Cl)C1Cl,B1,GFN1/gbsa,-6.368016856806259,2.46
2-decanone,CCCCCCCCC(C)=O,B1,GFN1/gbsa,-2.028660035291384,2.88
1-nitrooctane,CCCCCCCC[N+](=O)[O-],B1,GFN1/gbsa,-1.9489829985664353,3.38
tri-n-butyl phosphate,CCCCOP(=O)(OCCCC)OCCCC,B1,GFN1/gbsa,-5.401875067982871,2.47
"1,4-dibromobenzene",Brc1ccc(Br)cc1,B1,GFN1/gbsa,0.1557432820098017,3.97
"1,2,3,4-tetrachlorobenzene",Clc1ccc(Cl)c(Cl)c1Cl,B1,GFN1/gbsa,0.04889722866927304,4.21
indene,C1=Cc2ccccc2C1,B1,GFN1/gbsa,1.033979269126402,2.92
naphthalene,c1ccc2ccccc2c1,B1,GFN1/gbsa,1.287016930384068,3.56
dibenzofuran,c1ccc2c(c1)oc1ccccc12,B1,GFN1/gbsa,1.2381803195332455,3.79
dibenzothiophene,c1ccc2c(c1)sc1ccccc12,B1,GFN1/gbsa,1.273854096426997,4.16
chrysene,c1ccc2c(c1)ccc1c3ccccc3ccc21,B1,GFN1/gbsa,0.3016735850153731,4.46
benzo[b]fluoranthene,c1ccc2c(c1)-c1cccc3c1c-2cc1ccccc13,B1,GFN1/gbsa,0.4120802910667698,4.42
benzo[ghi]perylene,c1cc2ccc3ccc4ccc5cccc6c(c1)c2c3c4c56,B1,GFN1/gbsa,0.2632115184148631,4.76
anisole,COc1ccccc1,B1,GFN1/gbsa,-0.965607957487374,2.16
valerophenone,CCCCC(=O)c1ccccc1,B1,GFN1/gbsa,-2.1071699861256454,2.7
benzophenone,O=C(c1ccccc1)c1ccccc1,B1,GFN1/gbsa,-1.7706227808443946,2.62
di-n-propyl phthalate,CCCOC(=O)c1ccccc1C(=O)OCCC,B1,GFN1/gbsa,-5.894598651131831,2.84
1-nitronaphthalene,O=[N+]([O-])c1cccc2ccccc12,B1,GFN1/gbsa,-1.5761589479900653,3.17
4-chlorobenzyl alcohol,OCc1ccc(Cl)cc1,B1,GFN1/gbsa,-2.4278982356213543,2.1
2-phenylphenol,Oc1ccccc1-c1ccccc1,B1,GFN1/gbsa,-2.5384300977236407,2.62
4-fluorophenol,Oc1ccc(F)cc1,B1,GFN1/gbsa,-3.488748904359807,1.57
bisphenol A,CC(C)(c1ccc(O)cc1)c1ccc(O)cc1,B1,GFN1/gbsa,-5.4001400246265785,2.88
4-nitroaniline,Nc1ccc([N+](=O)[O-])cc1,B1,GFN1/gbsa,-7.3326077439970625,1.69
2-chloroaniline,Nc1ccccc1Cl,B1,GFN1/gbsa,-2.0095451396249344,1.95
4-aminobiphenyl,Nc1ccc(-c2ccccc2)cc1,B1,GFN1/gbsa,-1.4490320446876315,2.55
indole,c1ccc2[nH]ccc2c1,B1,GFN1/gbsa,-1.408762101734145,2.25
carbazole,c1ccc2c(c1)[nH]c1ccccc12,B1,GFN1/gbsa,-0.41673055320542995,3.52
metolachlor,CCc1cccc(C)c1N(C(=O)CCl)C(C)COC,B1,GFN1/gbsa,-5.741998305593615,1.74
atrazine,CCNc1nc(Cl)nc(NC(C)C)n1,B1,GFN1/gbsa,-5.10201973943513,1.77
diazepam,CN1C(=O)CN=C(c2ccccc2)c2cc(Cl)ccc21,B1,GFN1/gbsa,-6.603079626436633,2.68
estrone,CC12CCC3c4ccc(O)cc4CCC3C1CCC2=O,B1,GFN1/gbsa,-3.5480568398896164,2.69
endosulfan α,O=S1OCC2C(CO1)C1(Cl)C(Cl)=C(Cl)C2(Cl)C1(Cl)Cl,B1,GFN1/gbsa,-13.67232250840102,3.24
"1,2,4-Trimethylbenzene",Cc1ccc(C)c(C)c1,B1,GFN1/alpb,1.7197908338573775,3.35
"1,2-Dichlorobenzene",Clc1ccccc1Cl,B1,GFN1/alpb,0.3356609882344741,3.03
1-Hexanol,CCCCCCO,B1,GFN1/alpb,-2.949839716575475,1.64
Benzene,c1ccccc1,B1,GFN1/alpb,0.9082140743677587,1.58
Carbon tetrachloride,ClC(Cl)(Cl)Cl,B1,GFN1/alpb,-0.17203029091106692,1.77
Halothane,FC(F)(F)C(Cl)Br,B1,GFN1/alpb,0.5627423813337704,1.62
Enflurane,FC(F)OC(F)(F)C(F)Cl,B1,GFN1/alpb,0.4410671178208614,1.59
Isoflurane,FC(F)OC(Cl)C(F)(F)F,B1,GFN1/alpb,-0.81342830726929,1.58
Chlorobenzene,Clc1ccccc1,B1,GFN1/alpb,0.6768364105921134,2.32
Cycloheptane,C1CCCCCC1,B1,GFN1/alpb,0.5868404997760446,2.52
Cyclohexane,C1CCCCC1,B1,GFN1/alpb,1.8487230432136648,2.01
Ethylbenzene,CCc1ccccc1,B1,GFN1/alpb,1.4583259100349477,2.7
Heptane,CCCCCCC,B1,GFN1/alpb,1.515587725481438,3.59
Hexafluorobenzene,Fc1c(F)c(F)c(F)c(F)c1F,B1,GFN1/alpb,1.5433193135677565,1.55
Hexane,CCCCCC,B1,GFN1/alpb,1.3221852311243754,3.09
Methoxyflurane,COC(F)(F)C(Cl)Cl,B1,GFN1/alpb,-2.133819630872892,1.77
Methylpentafluorobenzene,Cc1c(F)c(F)c(F)c(F)c1F,B1,GFN1/alpb,0.66305551818414,2.32
Nonane,CCCCCCCCC,B1,GFN1/alpb,1.7572300508758776,4.45
Propylbenzene,CCCc1ccccc1,B1,GFN1/alpb,1.5036106454839167,2.95
Tetrachloroethene,ClC(Cl)=C(Cl)Cl,B1,GFN1/alpb,0.09045086735327712,2.4
Toluene,Cc1ccccc1,B1,GFN1/alpb,1.222076047453037,2.26
Trichloroethene,ClC=C(Cl)Cl,B1,GFN1/alpb,-0.36765929537946596,1.88
1-heptanol,CCCCCCCO,B1,GFN1/alpb,-2.550067371415259,2.18
di-n-butyl ether,CCCCOCCCC,B1,GFN1/alpb,-1.0438052252925019,2.01
Cyclooctane,C1CCCCCCC1,B1,GFN1/alpb,0.6698499318730096,2.98
Octan-1-ol,CCCCCCCCO,B1,GFN1/alpb,-2.30227336389585,2.74
Nonan-1-ol,CCCCCCCCCO,B1,GFN1/alpb,-2.5256697001715396,3.1
1-Chlorooctane,CCCCCCCCCl,B1,GFN1/alpb,0.7210669751562664,3.85
1-Nonene,C=CCCCCCCC,B1,GFN1/alpb,1.5805025175705398,4.22
"1,2,4-Trichlorobenzene",Clc1ccc(Cl)c(Cl)c1,B1,GFN1/alpb,0.47440394478066494,3.6
Dipentyl ether,CCCCCOCCCCC,B1,GFN1/alpb,-0.7563938691549115,3.0
2-octanone,CCCCCCC(C)=O,B1,GFN1/alpb,-2.0381864935456786,2.09
2-nonanone,CCCCCCCC(C)=O,B1,GFN1/alpb,-1.9690642289819942,2.48
2-Nitrotoluene,Cc1ccccc1[N+](=O)[O-],B1,GFN1/alpb,-2.4011155274235954,2.12
4-Nitroanisole,COc1ccc([N+](=O)[O-])cc1,B1,GFN1/alpb,-4.387828425887372,2.48
4-Chlorophenol,Oc1ccc(Cl)cc1,B1,GFN1/alpb,-3.64293857479983,2.43
4-Ethyl-3-hexanol,CCC(O)C(CC)CC,B1,GFN1/alpb,-1.2836473136258117,1.48
"2,4-Dinitrotoluene",Cc1ccc([N+](=O)[O-])cc1[N+](=O)[O-],B1,GFN1/alpb,-5.135739426529561,1.73
Styrene,C=Cc1ccccc1,B1,GFN1/alpb,1.0351094955796247,2.76
Octane,CCCCCCCC,B1,GFN1/alpb,1.6579374249754588,4.01
3-Chlorophenol,Oc1cccc(Cl)c1,B1,GFN1/alpb,-3.688894243381442,2.35
4-bromophenol,Oc1ccc(Br)cc1,B1,GFN1/alpb,-3.8737319901605143,2.81
4-Iodoaniline,Nc1ccc(I)cc1,B1,GFN1/alpb,-3.7782976523317027,2.95
"N,N-Diethylaniline",CCN(CC)c1ccccc1,B1,GFN1/alpb,0.06357193825466845,2.27
4-n-Propylphenol,CCCc1ccc(O)cc1,B1,GFN1/alpb,-2.6250555241505595,2.59
4-iodophenol,Oc1ccc(I)cc1,B1,GFN1/alpb,-4.06292006298672,3.41
Phenanthrene,c1ccc2c(c1)ccc1ccccc12,B1,GFN1/alpb,2.49153473484373,4.15
Fluoranthene,c1ccc2c(c1)-c1cccc3cccc-2c13,B1,GFN1/alpb,2.0110639478978443,4.28
Pyrene,c1cc2ccc3cccc4ccc(c1)c2c34,B1,GFN1/alpb,1.8169012954422006,4.76
1-heptyne,C#CCCCCC,B1,GFN1/alpb,0.8393158389173503,2.49
tribromomethane,BrC(Br)Br,B1,GFN1/alpb,-1.2927369283122463,1.95
γ-hexachlorocyclohexane,ClC1C(Cl)C(Cl)C(Cl)C(Cl)C1Cl,B1,GFN1/alpb,-4.809872226023344,2.46
2-decanone,CCCCCCCCC(C)=O,B1,GFN1/alpb,-1.9836845715777676,2.88
1-nitrooctane,CCCCCCCC[N+](=O)[O-],B1,GFN1/alpb,-2.9299847544890465,3.38
tri-n-butyl phosphate,CCCCOP(=O)(OCCCC)OCCCC,B1,GFN1/alpb,-6.880471167867494,2.47
"1,4-dibromobenzene",Brc1ccc(Br)cc1,B1,GFN1/alpb,-0.030207469933771103,3.97
"1,2,3,4-tetrachlorobenzene",Clc1ccc(Cl)c(Cl)c1Cl,B1,GFN1/alpb,0.28105298890682473,4.21
indene,C1=Cc2ccccc2C1,B1,GFN1/alpb,1.4131593234572497,2.92
naphthalene,c1ccc2ccccc2c1,B1,GFN1/alpb,1.6704299795489095,3.56
dibenzofuran,c1ccc2c(c1)oc1ccccc12,B1,GFN1/alpb,1.140822454019753,3.79
dibenzothiophene,c1ccc2c(c1)sc1ccccc12,B1,GFN1/alpb,1.6911675290402863,4.16
chrysene,c1ccc2c(c1)ccc1c3ccccc3ccc21,B1,GFN1/alpb,0.9593736170972784,4.46
benzo[b]fluoranthene,c1ccc2c(c1)-c1cccc3c1c-2cc1ccccc13,B1,GFN1/alpb,1.2485529303406637,4.42
benzo[ghi]perylene,c1cc2ccc3ccc4ccc5cccc6c(c1)c2c3c4c56,B1,GFN1/alpb,1.1453715580451682,4.76
anisole,COc1ccccc1,B1,GFN1/alpb,-0.7403323041394378,2.16
valerophenone,CCCCC(=O)c1ccccc1,B1,GFN1/alpb,-1.601253369788186,2.7
benzophenone,O=C(c1ccccc1)c1ccccc1,B1,GFN1/alpb,-1.0545597026097233,2.62
di-n-propyl phthalate,CCCOC(=O)c1ccccc1C(=O)OCCC,B1,GFN1/alpb,-5.808395958208636,2.84
1-nitronaphthalene,O=[N+]([O-])c1cccc2ccccc12,B1,GFN1/alpb,-2.0929951841046703,3.17
4-chlorobenzyl alcohol,OCc1ccc(Cl)cc1,B1,GFN1/alpb,-2.481925358216403,2.1
2-phenylphenol,Oc1ccccc1-c1ccccc1,B1,GFN1/alpb,-2.4123704346758847,2.62
4-fluorophenol,Oc1ccc(F)cc1,B1,GFN1/alpb,-3.7309413763033143,1.57
bisphenol A,CC(C)(c1ccc(O)cc1)c1ccc(O)cc1,B1,GFN1/alpb,-6.458816779188595,2.88
4-nitroaniline,Nc1ccc([N+](=O)[O-])cc1,B1,GFN1/alpb,-8.742107647055388,1.69
2-chloroaniline,Nc1ccccc1Cl,B1,GFN1/alpb,-2.4667131900094437,1.95
4-aminobiphenyl,Nc1ccc(-c2ccccc2)cc1,B1,GFN1/alpb,-1.9569760248115278,2.55
indole,c1ccc2[nH]ccc2c1,B1,GFN1/alpb,-1.2442983500783318,2.25
carbazole,c1ccc2c(c1)[nH]c1ccccc12,B1,GFN1/alpb,0.17936961265851492,3.52
metolachlor,CCc1cccc(C)c1N(C(=O)CCl)C(C)COC,B1,GFN1/alpb,-5.245164409371609,1.74
atrazine,CCNc1nc(Cl)nc(NC(C)C)n1,B1,GFN1/alpb,-4.252494228861044,1.77
diazepam,CN1C(=O)CN=C(c2ccccc2)c2cc(Cl)ccc21,B1,GFN1/alpb,-5.567487199670348,2.68
estrone,CC12CCC3c4ccc(O)cc4CCC3C1CCC2=O,B1,GFN1/alpb,-4.289255930033212,2.69
endosulfan α,O=S1OCC2C(CO1)C1(Cl)C(Cl)=C(Cl)C2(Cl)C1(Cl)Cl,B1,GFN1/alpb,-10.528583863442764,3.24
"1,2,4-Trimethylbenzene",Cc1ccc(C)c(C)c1,B1,GFN2/gbsa,0.8997462242229215,3.35
"1,2-Dichlorobenzene",Clc1ccccc1Cl,B1,GFN2/gbsa,-1.1585621074953951,3.03
1-Hexanol,CCCCCCO,B1,GFN2/gbsa,-2.175703068279763,1.64
Benzene,c1ccccc1,B1,GFN2/gbsa,0.634825220839804,1.58
Carbon tetrachloride,ClC(Cl)(Cl)Cl,B1,GFN2/gbsa,0.558903966735024,1.77
Halothane,FC(F)(F)C(Cl)Br,B1,GFN2/gbsa,0.40297572260146186,1.62
Enflurane,FC(F)OC(F)(F)C(F)Cl,B1,GFN2/gbsa,1.0931313994604586,1.59
Isoflurane,FC(F)OC(Cl)C(F)(F)F,B1,GFN2/gbsa,0.4807855496404714,1.58
Chlorobenzene,Clc1ccccc1,B1,GFN2/gbsa,-0.11037568319458191,2.32
Cycloheptane,C1CCCCCC1,B1,GFN2/gbsa,-0.4838963277403181,2.52
Cyclohexane,C1CCCCC1,B1,GFN2/gbsa,0.8365100036366391,2.01
Ethylbenzene,CCc1ccccc1,B1,GFN2/gbsa,0.7664284196925442,2.7
Heptane,CCCCCCC,B1,GFN2/gbsa,0.1677133319454982,3.59
Hexafluorobenzene,Fc1c(F)c(F)c(F)c(F)c1F,B1,GFN2/gbsa,3.1134819530709037,1.55
Hexane,CCCCCC,B1,GFN2/gbsa,0.06497005816381929,3.09
Methoxyflurane,COC(F)(F)C(Cl)Cl,B1,GFN2/gbsa,-1.4403798284651446,1.77
Methylpentafluorobenzene,Cc1c(F)c(F)c(F)c(F)c1F,B1,GFN2/gbsa,0.8407327874176342,2.32
Nonane,CCCCCCCCC,B1,GFN2/gbsa,0.18640420337561103,4.45
Propylbenzene,CCCc1ccccc1,B1,GFN2/gbsa,0.7054279910894818,2.95
Tetrachloroethene,ClC(Cl)=C(Cl)Cl,B1,GFN2/gbsa,0.6886914793156773,2.4
Toluene,Cc1ccccc1,B1,GFN2/gbsa,0.6927357449565328,2.26
Trichloroethene,ClC=C(Cl)Cl,B1,GFN2/gbsa,-0.6295684236303496,1.88
1-heptanol,CCCCCCCO,B1,GFN2/gbsa,-1.9503852603197491,2.18
di-n-butyl ether,CCCCOCCCC,B1,GFN2/gbsa,-0.7845218199265531,2.01
Cyclooctane,C1CCCCCCC1,B1,GFN2/gbsa,-0.4864095364814436,2.98
Octan-1-ol,CCCCCCCCO,B1,GFN2/gbsa,-1.912476407152717,2.74
Nonan-1-ol,CCCCCCCCCO,B1,GFN2/gbsa,-2.0434861128584454,3.1
1-Chlorooctane,CCCCCCCCCl,B1,GFN2/gbsa,-0.8992881662410691,3.85
1-Nonene,C=CCCCCCCC,B1,GFN2/gbsa,0.20568645543056396,4.22
"1,2,4-Trichlorobenzene",Clc1ccc(Cl)c(Cl)c1,B1,GFN2/gbsa,-0.5687204122781064,3.6
Dipentyl ether,CCCCCOCCCCC,B1,GFN2/gbsa,-0.7251253578729553,3.0
2-octanone,CCCCCCC(C)=O,B1,GFN2/gbsa,-2.765937251282978,2.09
2-nonanone,CCCCCCCC(C)=O,B1,GFN2/gbsa,-2.8217869445760995,2.48
2-Nitrotoluene,Cc1ccccc1[N+](=O)[O-],B1,GFN2/gbsa,-3.306975813912065,2.12
4-Nitroanisole,COc1ccc([N+](=O)[O-])cc1,B1,GFN2/gbsa,-4.990978213997984,2.48
4-Chlorophenol,Oc1ccc(Cl)cc1,B1,GFN2/gbsa,-2.5228267593641642,2.43
4-Ethyl-3-hexanol,CCC(O)C(CC)CC,B1,GFN2/gbsa,-1.2522393626201511,1.48
"2,4-Dinitrotoluene",Cc1ccc([N+](=O)[O-])cc1[N+](=O)[O-],B1,GFN2/gbsa,-6.348739366410211,1.73
Styrene,C=Cc1ccccc1,B1,GFN2/gbsa,0.7624107902427504,2.76
Octane,CCCCCCCC,B1,GFN2/gbsa,0.1975279608212337,4.01
3-Chlorophenol,Oc1cccc(Cl)c1,B1,GFN2/gbsa,-2.5732368933092475,2.35
4-bromophenol,Oc1ccc(Br)cc1,B1,GFN2/gbsa,-2.640811941496808,2.81
4-Iodoaniline,Nc1ccc(I)cc1,B1,GFN2/gbsa,-2.6291676076000767,2.95
"N,N-Diethylaniline",CCN(CC)c1ccccc1,B1,GFN2/gbsa,0.038877314497758775,2.27
4-n-Propylphenol,CCCc1ccc(O)cc1,B1,GFN2/gbsa,-1.4983506831151838,2.59
4-iodophenol,Oc1ccc(I)cc1,B1,GFN2/gbsa,-2.995221996670029,3.41
Phenanthrene,c1ccc2c(c1)ccc1ccccc12,B1,GFN2/gbsa,2.5276480571110915,4.15
Fluoranthene,c1ccc2c(c1)-c1cccc3cccc-2c13,B1,GFN2/gbsa,2.1111009338327187,4.28
Pyrene,c1cc2ccc3cccc4ccc(c1)c2c34,B1,GFN2/gbsa,1.9091771031974303,4.76
1-heptyne,C#CCCCCC,B1,GFN2/gbsa,-0.09142111606181036,2.49
tribromomethane,BrC(Br)Br,B1,GFN2/gbsa,-1.2290368598091341,1.95
γ-hexachlorocyclohexane,ClC1C(Cl)C(Cl)C(Cl)C(Cl)C1Cl,B1,GFN2/gbsa,-7.645175608138313,2.46
2-decanone,CCCCCCCCC(C)=O,B1,GFN2/gbsa,-2.930190432096884,2.88
1-nitrooctane,CCCCCCCC[N+](=O)[O-],B1,GFN2/gbsa,-3.6542458508774756,3.38
tri-n-butyl phosphate,CCCCOP(=O)(OCCCC)OCCCC,B1,GFN2/gbsa,-7.094006594914671,2.47
"1,4-dibromobenzene",Brc1ccc(Br)cc1,B1,GFN2/gbsa,-0.534434875488107,3.97
"1,2,3,4-tetrachlorobenzene",Clc1ccc(Cl)c(Cl)c1Cl,B1,GFN2/gbsa,-1.116717660783154,4.21
indene,C1=Cc2ccccc2C1,B1,GFN2/gbsa,0.9098699616874266,2.92
naphthalene,c1ccc2ccccc2c1,B1,GFN2/gbsa,1.5596488956540422,3.56
dibenzofuran,c1ccc2c(c1)oc1ccccc12,B1,GFN2/gbsa,1.5419071605724088,3.79
dibenzothiophene,c1ccc2c(c1)sc1ccccc12,B1,GFN2/gbsa,1.4277384082239615,4.16
chrysene,c1ccc2c(c1)ccc1c3ccccc3ccc21,B1,GFN2/gbsa,1.2020682948122157,4.46
benzo[b]fluoranthene,c1ccc2c(c1)-c1cccc3c1c-2cc1ccccc13,B1,GFN2/gbsa,1.3512104984725193,4.42
benzo[ghi]perylene,c1cc2ccc3ccc4ccc5cccc6c(c1)c2c3c4c56,B1,GFN2/gbsa,1.6198745007910809,4.76
anisole,COc1ccccc1,B1,GFN2/gbsa,-0.06175531790794886,2.16
valerophenone,CCCCC(=O)c1ccccc1,B1,GFN2/gbsa,-2.0782886748482983,2.7
benzophenone,O=C(c1ccccc1)c1ccccc1,B1,GFN2/gbsa,-1.5433236512834332,2.62
di-n-propyl phthalate,CCCOC(=O)c1ccccc1C(=O)OCCC,B1,GFN2/gbsa,-7.484704513500446,2.84
1-nitronaphthalene,O=[N+]([O-])c1cccc2ccccc12,B1,GFN2/gbsa,-3.103706579030126,3.17
4-chlorobenzyl alcohol,OCc1ccc(Cl)cc1,B1,GFN2/gbsa,-2.1732183348897585,2.1
2-phenylphenol,Oc1ccccc1-c1ccccc1,B1,GFN2/gbsa,-0.7700684883882942,2.62
4-fluorophenol,Oc1ccc(F)cc1,B1,GFN2/gbsa,-2.391225871822633,1.57
bisphenol A,CC(C)(c1ccc(O)cc1)c1ccc(O)cc1,B1,GFN2/gbsa,-3.4562288540744284,2.88
4-nitroaniline,Nc1ccc([N+](=O)[O-])cc1,B1,GFN2/gbsa,-8.397231078005726,1.69
2-chloroaniline,Nc1ccccc1Cl,B1,GFN2/gbsa,-1.3975364569347173,1.95
4-aminobiphenyl,Nc1ccc(-c2ccccc2)cc1,B1,GFN2/gbsa,-0.025316959721417343,2.55
indole,c1ccc2[nH]ccc2c1,B1,GFN2/gbsa,-0.15356946935133875,2.25
carbazole,c1ccc2c(c1)[nH]c1ccccc12,B1,GFN2/gbsa,0.9529746693372734,3.52
metolachlor,CCc1cccc(C)c1N(C(=O)CCl)C(C)COC,B1,GFN2/gbsa,-4.691237442429127,1.74
atrazine,CCNc1nc(Cl)nc(NC(C)C)n1,B1,GFN2/gbsa,-5.111506801674885,1.77
diazepam,CN1C(=O)CN=C(c2ccccc2)c2cc(Cl)ccc21,B1,GFN2/gbsa,-5.663129741952141,2.68
estrone,CC12CCC3c4ccc(O)cc4CCC3C1CCC2=O,B1,GFN2/gbsa,-3.266520638871601,2.69
endosulfan α,O=S1OCC2C(CO1)C1(Cl)C(Cl)=C(Cl)C2(Cl)C1(Cl)Cl,B1,GFN2/gbsa,-11.508630705846919,3.24
"1,2,4-Trimethylbenzene",Cc1ccc(C)c(C)c1,B1,GFN2/alpb,1.2912619319126177,3.35
"1,2-Dichlorobenzene",Clc1ccccc1Cl,B1,GFN2/alpb,-1.4377356636287202,3.03
1-Hexanol,CCCCCCO,B1,GFN2/alpb,-3.0324061501087654,1.64
Benzene,c1ccccc1,B1,GFN2/alpb,0.8510128060058144,1.58
Carbon tetrachloride,ClC(Cl)(Cl)Cl,B1,GFN2/alpb,0.3448477534202472,1.77
Halothane,FC(F)(F)C(Cl)Br,B1,GFN2/alpb,1.0929993304850099,1.62
Enflurane,FC(F)OC(F)(F)C(F)Cl,B1,GFN2/alpb,-0.8836593092446143,1.59
Isoflurane,FC(F)OC(Cl)C(F)(F)F,B1,GFN2/alpb,-1.4573106923345913,1.58
Chlorobenzene,Clc1ccccc1,B1,GFN2/alpb,-0.14802809542225415,2.32
Cycloheptane,C1CCCCCC1,B1,GFN2/alpb,-0.12489771980503606,2.52
Cyclohexane,C1CCCCC1,B1,GFN2/alpb,1.1483229319325972,2.01
Ethylbenzene,CCc1ccccc1,B1,GFN2/alpb,1.1574453099723971,2.7
Heptane,CCCCCCC,B1,GFN2/alpb,0.6319329996552949,3.59
Hexafluorobenzene,Fc1c(F)c(F)c(F)c(F)c1F,B1,GFN2/alpb,1.7804190572660148,1.55
Hexane,CCCCCC,B1,GFN2/alpb,0.47168374772121835,3.09
Methoxyflurane,COC(F)(F)C(Cl)Cl,B1,GFN2/alpb,-2.4639527015633482,1.77
Methylpentafluorobenzene,Cc1c(F)c(F)c(F)c(F)c1F,B1,GFN2/alpb,-0.58797571934051,2.32
Nonane,CCCCCCCCC,B1,GFN2/alpb,0.8029811451955498,4.45
Propylbenzene,CCCc1ccccc1,B1,GFN2/alpb,1.1872344373535277,2.95
Tetrachloroethene,ClC(Cl)=C(Cl)Cl,B1,GFN2/alpb,0.48219662060784607,2.4
Toluene,Cc1ccccc1,B1,GFN2/alpb,0.9733276936574735,2.26
Trichloroethene,ClC=C(Cl)Cl,B1,GFN2/alpb,-1.0421297929790194,1.88
1-heptanol,CCCCCCCO,B1,GFN2/alpb,-2.7119239161252464,2.18
di-n-butyl ether,CCCCOCCCC,B1,GFN2/alpb,-0.709845871490389,2.01
Cyclooctane,C1CCCCCCC1,B1,GFN2/alpb,-0.0800765341899683,2.98
Octan-1-ol,CCCCCCCCO,B1,GFN2/alpb,-2.3741231782282166,2.74
Nonan-1-ol,CCCCCCCCCO,B1,GFN2/alpb,-2.644750128071547,3.1
1-Chlorooctane,CCCCCCCCCl,B1,GFN2/alpb,-0.7774535774059985,3.85
1-Nonene,C=CCCCCCCC,B1,GFN2/alpb,0.76633837652613,4.22
"1,2,4-Trichlorobenzene",Clc1ccc(Cl)c(Cl)c1,B1,GFN2/alpb,-0.9542453945427751,3.6
Dipentyl ether,CCCCCOCCCCC,B1,GFN2/alpb,-0.5290114799930776,3.0
2-octanone,CCCCCCC(C)=O,B1,GFN2/alpb,-2.6663687993039096,2.09
2-nonanone,CCCCCCCC(C)=O,B1,GFN2/alpb,-2.464528773013095,2.48
2-Nitrotoluene,Cc1ccccc1[N+](=O)[O-],B1,GFN2/alpb,-3.0786645679667184,2.12
4-Nitroanisole,COc1ccc([N+](=O)[O-])cc1,B1,GFN2/alpb,-5.074184327573288,2.48
4-Chlorophenol,Oc1ccc(Cl)cc1,B1,GFN2/alpb,-3.7917227453433253,2.43
4-Ethyl-3-hexanol,CCC(O)C(CC)CC,B1,GFN2/alpb,-1.5995362839383198,1.48
"2,4-Dinitrotoluene",Cc1ccc([N+](=O)[O-])cc1[N+](=O)[O-],B1,GFN2/alpb,-6.658969213969735,1.73
Styrene,C=Cc1ccccc1,B1,GFN2/alpb,1.092688329917602,2.76
Octane,CCCCCCCC,B1,GFN2/alpb,0.7465036794223048,4.01
3-Chlorophenol,Oc1cccc(Cl)c1,B1,GFN2/alpb,-3.8248434718012354,2.35
4-bromophenol,Oc1ccc(Br)cc1,B1,GFN2/alpb,-3.909564219469036,2.81
4-Iodoaniline,Nc1ccc(I)cc1,B1,GFN2/alpb,-3.5025045747472783,2.95
"N,N-Diethylaniline",CCN(CC)c1ccccc1,B1,GFN2/alpb,0.4798014886933557,2.27
4-n-Propylphenol,CCCc1ccc(O)cc1,B1,GFN2/alpb,-2.1277810644267237,2.59
4-iodophenol,Oc1ccc(I)cc1,B1,GFN2/alpb,-4.198707473816245,3.41
Phenanthrene,c1ccc2c(c1)ccc1ccccc12,B1,GFN2/alpb,3.1104866355874816,4.15
Fluoranthene,c1ccc2c(c1)-c1cccc3cccc-2c13,B1,GFN2/alpb,2.7401501246869633,4.28
Pyrene,c1cc2ccc3cccc4ccc(c1)c2c34,B1,GFN2/alpb,2.5434896881846876,4.76
1-heptyne,C#CCCCCC,B1,GFN2/alpb,0.19113323079362177,2.49
tribromomethane,BrC(Br)Br,B1,GFN2/alpb,-1.1907052979687553,1.95
γ-hexachlorocyclohexane,ClC1C(Cl)C(Cl)C(Cl)C(Cl)C1Cl,B1,GFN2/alpb,-8.806350641137414,2.46
2-decanone,CCCCCCCCC(C)=O,B1,GFN2/alpb,-2.6765960659354597,2.88
1-nitrooctane,CCCCCCCC[N+](=O)[O-],B1,GFN2/alpb,-3.6154199658602115,3.38
tri-n-butyl phosphate,CCCCOP(=O)(OCCCC)OCCCC,B1,GFN2/alpb,-5.6867037208960305,2.47
"1,4-dibromobenzene",Brc1ccc(Br)cc1,B1,GFN2/alpb,-0.3517293342595338,3.97
"1,2,3,4-tetrachlorobenzene",Clc1ccc(Cl)c(Cl)c1Cl,B1,GFN2/alpb,-1.5536158370686266,4.21
indene,C1=Cc2ccccc2C1,B1,GFN2/alpb,1.1831930253754228,2.92
naphthalene,c1ccc2ccccc2c1,B1,GFN2/alpb,1.9674509651563747,3.56
dibenzofuran,c1ccc2c(c1)oc1ccccc12,B1,GFN2/alpb,2.1838532440136142,3.79
dibenzothiophene,c1ccc2c(c1)sc1ccccc12,B1,GFN2/alpb,2.8417265815550548,4.16
chrysene,c1ccc2c(c1)ccc1c3ccccc3ccc21,B1,GFN2/alpb,1.95378012144801,4.46
benzo[b]fluoranthene,c1ccc2c(c1)-c1cccc3c1c-2cc1ccccc13,B1,GFN2/alpb,2.1638770310084556,4.42
benzo[ghi]perylene,c1cc2ccc3ccc4ccc5cccc6c(c1)c2c3c4c56,B1,GFN2/alpb,2.4573556867973845,4.76
anisole,COc1ccccc1,B1,GFN2/alpb,0.01984653844481299,2.16
valerophenone,CCCCC(=O)c1ccccc1,B1,GFN2/alpb,-1.7537119286277467,2.7
benzophenone,O=C(c1ccccc1)c1ccccc1,B1,GFN2/alpb,-1.0422079387257055,2.62
di-n-propyl phthalate,CCCOC(=O)c1ccccc1C(=O)OCCC,B1,GFN2/alpb,-7.22526334348985,2.84
1-nitronaphthalene,O=[N+]([O-])c1cccc2ccccc12,B1,GFN2/alpb,-2.6214807320430373,3.17
4-chlorobenzyl alcohol,OCc1ccc(Cl)cc1,B1,GFN2/alpb,-3.1332477337010602,2.1
2-phenylphenol,Oc1ccccc1-c1ccccc1,B1,GFN2/alpb,-1.393350546771053,2.62
4-fluorophenol,Oc1ccc(F)cc1,B1,GFN2/alpb,-3.9215628213102236,1.57
bisphenol A,CC(C)(c1ccc(O)cc1)c1ccc(O)cc1,B1,GFN2/alpb,-4.921388742805027,2.88
4-nitroaniline,Nc1ccc([N+](=O)[O-])cc1,B1,GFN2/alpb,-9.78274161273585,1.69
2-chloroaniline,Nc1ccccc1Cl,B1,GFN2/alpb,-2.081730495936845,1.95
4-aminobiphenyl,Nc1ccc(-c2ccccc2)cc1,B1,GFN2/alpb,-0.18020368532958808,2.55
indole,c1ccc2[nH]ccc2c1,B1,GFN2/alpb,-0.4081437958460472,2.25
carbazole,c1ccc2c(c1)[nH]c1ccccc12,B1,GFN2/alpb,1.0221568123995737,3.52
metolachlor,CCc1cccc(C)c1N(C(=O)CCl)C(C)COC,B1,GFN2/alpb,-5.1121758648027065,1.74
atrazine,CCNc1nc(Cl)nc(NC(C)C)n1,B1,GFN2/alpb,-6.125639177190809,1.77
diazepam,CN1C(=O)CN=C(c2ccccc2)c2cc(Cl)ccc21,B1,GFN2/alpb,-5.829696163653253,2.68
estrone,CC12CCC3c4ccc(O)cc4CCC3C1CCC2=O,B1,GFN2/alpb,-3.502694976494139,2.69
endosulfan α,O=S1OCC2C(CO1)C1(Cl)C(Cl)=C(Cl)C2(Cl)C1(Cl)Cl,B1,GFN2/alpb,-15.895600087380483,3.24
"1,2,4-Trimethylbenzene",Cc1ccc(C)c(C)c1,B2,none,0.87787340480874,3.35
"1,2-Dichlorobenzene",Clc1ccccc1Cl,B2,none,0.6141128827571531,3.03
1-Hexanol,CCCCCCO,B2,none,0.19666134508403,1.64
Benzene,c1ccccc1,B2,none,0.5654237601502805,1.58
Carbon tetrachloride,ClC(Cl)(Cl)Cl,B2,none,-0.1717028688477893,1.77
Halothane,FC(F)(F)C(Cl)Br,B2,none,0.3954106521357348,1.62
Enflurane,FC(F)OC(F)(F)C(F)Cl,B2,none,0.8189395729867708,1.59
Isoflurane,FC(F)OC(Cl)C(F)(F)F,B2,none,0.7803822269922387,1.58
Chlorobenzene,Clc1ccccc1,B2,none,0.6528413086596694,2.32
Cycloheptane,C1CCCCCC1,B2,none,-0.5653954640121759,2.52
Cyclohexane,C1CCCCC1,B2,none,0.4784917659982555,2.01
Ethylbenzene,CCc1ccccc1,B2,none,0.7217791715153035,2.7
Heptane,CCCCCCC,B2,none,0.28624356656954575,3.59
Hexafluorobenzene,Fc1c(F)c(F)c(F)c(F)c1F,B2,none,1.1480664876880113,1.55
Hexane,CCCCCC,B2,none,0.12738681804863483,3.09
Methoxyflurane,COC(F)(F)C(Cl)Cl,B2,none,0.5771238975752402,1.77
Methylpentafluorobenzene,Cc1c(F)c(F)c(F)c(F)c1F,B2,none,1.1158692006093434,2.32
Nonane,CCCCCCCCC,B2,none,0.35477606857858124,4.45
Propylbenzene,CCCc1ccccc1,B2,none,0.7687751421900266,2.95
Tetrachloroethene,ClC(Cl)=C(Cl)Cl,B2,none,0.05362496516576565,2.4
Toluene,Cc1ccccc1,B2,none,0.6177655987683308,2.26
Trichloroethene,ClC=C(Cl)Cl,B2,none,-0.07664341898559468,1.88
1-heptanol,CCCCCCCO,B2,none,0.25211306725041505,2.18
di-n-butyl ether,CCCCOCCCC,B2,none,0.2992454210137141,2.01
Cyclooctane,C1CCCCCCC1,B2,none,-0.5862645149284915,2.98
Octan-1-ol,CCCCCCCCO,B2,none,0.3005945077817822,2.74
Nonan-1-ol,CCCCCCCCCO,B2,none,0.6440030350767172,3.1
1-Chlorooctane,CCCCCCCCCl,B2,none,0.38449931624624156,3.85
1-Nonene,C=CCCCCCCC,B2,none,0.3219893066672834,4.22
"1,2,4-Trichlorobenzene",Clc1ccc(Cl)c(Cl)c1,B2,none,0.6075159936786276,3.6
Dipentyl ether,CCCCCOCCCCC,B2,none,0.4405275669234223,3.0
2-octanone,CCCCCCC(C)=O,B2,none,0.5719778467936991,2.09
2-nonanone,CCCCCCCC(C)=O,B2,none,0.48999762784941003,2.48
2-Nitrotoluene,Cc1ccccc1[N+](=O)[O-],B2,none,0.9026261515742848,2.12
4-Nitroanisole,COc1ccc([N+](=O)[O-])cc1,B2,none,0.8235770241954796,2.48
4-Chlorophenol,Oc1ccc(Cl)cc1,B2,none,0.6222914968188258,2.43
4-Ethyl-3-hexanol,CCC(O)C(CC)CC,B2,none,0.6235985014176713,1.48
"2,4-Dinitrotoluene",Cc1ccc([N+](=O)[O-])cc1[N+](=O)[O-],B2,none,1.1129209154624111,1.73
Styrene,C=Cc1ccccc1,B2,none,0.801953485501882,2.76
Octane,CCCCCCCC,B2,none,0.32297607842579756,4.01
3-Chlorophenol,Oc1cccc(Cl)c1,B2,none,0.7952438508260689,2.35
4-bromophenol,Oc1ccc(Br)cc1,B2,none,0.5977752995583305,2.81
4-Iodoaniline,Nc1ccc(I)cc1,B2,none,0.5396751678629252,2.95
"N,N-Diethylaniline",CCN(CC)c1ccccc1,B2,none,0.8351801942979264,2.27
4-n-Propylphenol,CCCc1ccc(O)cc1,B2,none,0.7945438920920957,2.59
4-iodophenol,Oc1ccc(I)cc1,B2,none,0.5430277991561105,3.41
Phenanthrene,c1ccc2c(c1)ccc1ccccc12,B2,none,1.8395554405482524,4.15
Fluoranthene,c1ccc2c(c1)-c1cccc3cccc-2c13,B2,none,1.8961730862319581,4.28
Pyrene,c1cc2ccc3cccc4ccc(c1)c2c34,B2,none,1.9106129901365967,4.76
1-heptyne,C#CCCCCC,B2,none,0.3174518530099162,2.49
tribromomethane,BrC(Br)Br,B2,none,-0.29471176937588917,1.95
γ-hexachlorocyclohexane,ClC1C(Cl)C(Cl)C(Cl)C(Cl)C1Cl,B2,none,0.7239792327830412,2.46
2-decanone,CCCCCCCCC(C)=O,B2,none,0.5362700138838501,2.88
1-nitrooctane,CCCCCCCC[N+](=O)[O-],B2,none,0.5711595110296277,3.38
tri-n-butyl phosphate,CCCCOP(=O)(OCCCC)OCCCC,B2,none,0.49086882648794505,2.47
"1,4-dibromobenzene",Brc1ccc(Br)cc1,B2,none,0.3763790301746037,3.97
"1,2,3,4-tetrachlorobenzene",Clc1ccc(Cl)c(Cl)c1Cl,B2,none,0.7256974300979295,4.21
indene,C1=Cc2ccccc2C1,B2,none,1.11609569395287,2.92
naphthalene,c1ccc2ccccc2c1,B2,none,1.1747574699262762,3.56
dibenzofuran,c1ccc2c(c1)oc1ccccc12,B2,none,1.5493431429461144,3.79
dibenzothiophene,c1ccc2c(c1)sc1ccccc12,B2,none,1.3910554003226996,4.16
chrysene,c1ccc2c(c1)ccc1c3ccccc3ccc21,B2,none,2.054416491376202,4.46
benzo[b]fluoranthene,c1ccc2c(c1)-c1cccc3c1c-2cc1ccccc13,B2,none,2.201235555574209,4.42
benzo[ghi]perylene,c1cc2ccc3ccc4ccc5cccc6c(c1)c2c3c4c56,B2,none,2.439746586762816,4.76
anisole,COc1ccccc1,B2,none,0.6078320481155095,2.16
valerophenone,CCCCC(=O)c1ccccc1,B2,none,1.0519571831033545,2.7
benzophenone,O=C(c1ccccc1)c1ccccc1,B2,none,1.5912224754230895,2.62
di-n-propyl phthalate,CCCOC(=O)c1ccccc1C(=O)OCCC,B2,none,1.0758344049804172,2.84
1-nitronaphthalene,O=[N+]([O-])c1cccc2ccccc12,B2,none,1.3700572409618568,3.17
4-chlorobenzyl alcohol,OCc1ccc(Cl)cc1,B2,none,0.5971742780062268,2.1
2-phenylphenol,Oc1ccccc1-c1ccccc1,B2,none,1.6105992972180987,2.62
4-fluorophenol,Oc1ccc(F)cc1,B2,none,0.7369551576029618,1.57
bisphenol A,CC(C)(c1ccc(O)cc1)c1ccc(O)cc1,B2,none,1.46503189823287,2.88
4-nitroaniline,Nc1ccc([N+](=O)[O-])cc1,B2,none,0.8766368648056586,1.69
2-chloroaniline,Nc1ccccc1Cl,B2,none,0.6733861423620668,1.95
4-aminobiphenyl,Nc1ccc(-c2ccccc2)cc1,B2,none,1.4902229001789178,2.55
indole,c1ccc2[nH]ccc2c1,B2,none,0.8847579094674427,2.25
carbazole,c1ccc2c(c1)[nH]c1ccccc12,B2,none,1.583598545295859,3.52
metolachlor,CCc1cccc(C)c1N(C(=O)CCl)C(C)COC,B2,none,0.9236547760069707,1.74
atrazine,CCNc1nc(Cl)nc(NC(C)C)n1,B2,none,0.8620136697118865,1.77
diazepam,CN1C(=O)CN=C(c2ccccc2)c2cc(Cl)ccc21,B2,none,0.5577015214149417,2.68
estrone,CC12CCC3c4ccc(O)cc4CCC3C1CCC2=O,B2,none,1.8975103120833858,2.69
endosulfan α,O=S1OCC2C(CO1)C1(Cl)C(Cl)=C(Cl)C2(Cl)C1(Cl)Cl,B2,none,0.15842006661026908,3.24
"1,2,4-Trimethylbenzene",Cc1ccc(C)c(C)c1,B2,GFN1/gbsa,0.09820662938866254,3.35
"1,2-Dichlorobenzene",Clc1ccccc1Cl,B2,GFN1/gbsa,-0.7940401339689962,3.03
1-Hexanol,CCCCCCO,B2,GFN1/gbsa,-2.9699294163481937,1.64
Benzene,c1ccccc1,B2,GFN1/gbsa,-0.030970706340592846,1.58
Carbon tetrachloride,ClC(Cl)(Cl)Cl,B2,GFN1/gbsa,-0.4437881162498014,1.77
Halothane,FC(F)(F)C(Cl)Br,B2,GFN1/gbsa,-0.24665034199738534,1.62
Enflurane,FC(F)OC(F)(F)C(F)Cl,B2,GFN1/gbsa,-1.0788161752879653,1.59
Isoflurane,FC(F)OC(Cl)C(F)(F)F,B2,GFN1/gbsa,-3.0613042398024586,1.58
Chlorobenzene,Clc1ccccc1,B2,GFN1/gbsa,-0.3056595415641792,2.32
Cycloheptane,C1CCCCCC1,B2,GFN1/gbsa,0.1793915809182911,2.52
Cyclohexane,C1CCCCC1,B2,GFN1/gbsa,1.223564903964923,2.01
Ethylbenzene,CCc1ccccc1,B2,GFN1/gbsa,0.20300126448588962,2.7
Heptane,CCCCCCC,B2,GFN1/gbsa,1.1176776891726998,3.59
Hexafluorobenzene,Fc1c(F)c(F)c(F)c(F)c1F,B2,GFN1/gbsa,-0.7448549078458995,1.55
Hexane,CCCCCC,B2,GFN1/gbsa,0.9493784440113422,3.09
Methoxyflurane,COC(F)(F)C(Cl)Cl,B2,GFN1/gbsa,-2.9882151869853817,1.77
Methylpentafluorobenzene,Cc1c(F)c(F)c(F)c(F)c1F,B2,GFN1/gbsa,-1.2829770546686605,2.32
Nonane,CCCCCCCCC,B2,GFN1/gbsa,1.2607791486629498,4.45
Propylbenzene,CCCc1ccccc1,B2,GFN1/gbsa,0.3208241507521721,2.95
Tetrachloroethene,ClC(Cl)=C(Cl)Cl,B2,GFN1/gbsa,-0.4117564206416755,2.4
Toluene,Cc1ccccc1,B2,GFN1/gbsa,-0.03158146449574284,2.26
Trichloroethene,ClC=C(Cl)Cl,B2,GFN1/gbsa,-0.7606085121038186,1.88
1-heptanol,CCCCCCCO,B2,GFN1/gbsa,-2.974235729639499,2.18
di-n-butyl ether,CCCCOCCCC,B2,GFN1/gbsa,-1.3792160089381404,2.01
Cyclooctane,C1CCCCCCC1,B2,GFN1/gbsa,0.17026861242447122,2.98
Octan-1-ol,CCCCCCCCO,B2,GFN1/gbsa,-2.5431907052437888,2.74
Nonan-1-ol,CCCCCCCCCO,B2,GFN1/gbsa,-2.4754742467189885,3.1
1-Chlorooctane,CCCCCCCCCl,B2,GFN1/gbsa,0.10987986930669913,3.85
1-Nonene,C=CCCCCCCC,B2,GFN1/gbsa,0.7609200042296722,4.22
"1,2,4-Trichlorobenzene",Clc1ccc(Cl)c(Cl)c1,B2,GFN1/gbsa,-0.7992803753333337,3.6
Dipentyl ether,CCCCCOCCCCC,B2,GFN1/gbsa,-1.211293358440146,3.0
2-octanone,CCCCCCC(C)=O,B2,GFN1/gbsa,-2.9295654625301397,2.09
2-nonanone,CCCCCCCC(C)=O,B2,GFN1/gbsa,-2.808558718833388,2.48
2-Nitrotoluene,Cc1ccccc1[N+](=O)[O-],B2,GFN1/gbsa,-2.767813152988876,2.12
4-Nitroanisole,COc1ccc([N+](=O)[O-])cc1,B2,GFN1/gbsa,-4.87168662709149,2.48
4-Chlorophenol,Oc1ccc(Cl)cc1,B2,GFN1/gbsa,-3.9106159173076236,2.43
4-Ethyl-3-hexanol,CCC(O)C(CC)CC,B2,GFN1/gbsa,-1.9837585568287883,1.48
"2,4-Dinitrotoluene",Cc1ccc([N+](=O)[O-])cc1[N+](=O)[O-],B2,GFN1/gbsa,-5.176629822699568,1.73
Styrene,C=Cc1ccccc1,B2,GFN1/gbsa,-0.22941928365480324,2.76
Octane,CCCCCCCC,B2,GFN1/gbsa,1.1910554460998557,4.01
3-Chlorophenol,Oc1cccc(Cl)c1,B2,GFN1/gbsa,-3.8604259684889994,2.35
4-bromophenol,Oc1ccc(Br)cc1,B2,GFN1/gbsa,-3.927675618764283,2.81
4-Iodoaniline,Nc1ccc(I)cc1,B2,GFN1/gbsa,-4.0861698001962985,2.95
"N,N-Diethylaniline",CCN(CC)c1ccccc1,B2,GFN1/gbsa,-1.031736917580658,2.27
4-n-Propylphenol,CCCc1ccc(O)cc1,B2,GFN1/gbsa,-3.1821373578637484,2.59
4-iodophenol,Oc1ccc(I)cc1,B2,GFN1/gbsa,-4.525341154285009,3.41
Phenanthrene,c1ccc2c(c1)ccc1ccccc12,B2,GFN1/gbsa,-0.38215225740377745,4.15
Fluoranthene,c1ccc2c(c1)-c1cccc3cccc-2c13,B2,GFN1/gbsa,-0.725500351986158,4.28
Pyrene,c1cc2ccc3cccc4ccc(c1)c2c34,B2,GFN1/gbsa,-0.6888355088031357,4.76
1-heptyne,C#CCCCCC,B2,GFN1/gbsa,0.007487714814304436,2.49
tribromomethane,BrC(Br)Br,B2,GFN1/gbsa,-1.1818190848772325,1.95
γ-hexachlorocyclohexane,ClC1C(Cl)C(Cl)C(Cl)C(Cl)C1Cl,B2,GFN1/gbsa,-7.102559056082892,2.46
2-decanone,CCCCCCCCC(C)=O,B2,GFN1/gbsa,-2.9065236042000784,2.88
1-nitrooctane,CCCCCCCC[N+](=O)[O-],B2,GFN1/gbsa,-2.7892812128170608,3.38
tri-n-butyl phosphate,CCCCOP(=O)(OCCCC)OCCCC,B2,GFN1/gbsa,-6.522847539659326,2.47
"1,4-dibromobenzene",Brc1ccc(Br)cc1,B2,GFN1/gbsa,-0.9285505129538362,3.97
"1,2,3,4-tetrachlorobenzene",Clc1ccc(Cl)c(Cl)c1Cl,B2,GFN1/gbsa,-1.0357271312475087,4.21
indene,C1=Cc2ccccc2C1,B2,GFN1/gbsa,0.0015391784753249205,2.92
naphthalene,c1ccc2ccccc2c1,B2,GFN1/gbsa,-0.24619068905063757,3.56
dibenzofuran,c1ccc2c(c1)oc1ccccc12,B2,GFN1/gbsa,-0.5783968569071816,3.79
dibenzothiophene,c1ccc2c(c1)sc1ccccc12,B2,GFN1/gbsa,-0.5004560821699071,4.16
chrysene,c1ccc2c(c1)ccc1c3ccccc3ccc21,B2,GFN1/gbsa,-0.9882493751801752,4.46
benzo[b]fluoranthene,c1ccc2c(c1)-c1cccc3c1c-2cc1ccccc13,B2,GFN1/gbsa,-1.1383131413746614,4.42
benzo[ghi]perylene,c1cc2ccc3ccc4ccc5cccc6c(c1)c2c3c4c56,B2,GFN1/gbsa,-1.3451684892087707,4.76
anisole,COc1ccccc1,B2,GFN1/gbsa,-1.7631010590780023,2.16
valerophenone,CCCCC(=O)c1ccccc1,B2,GFN1/gbsa,-3.258985544182898,2.7
benzophenone,O=C(c1ccccc1)c1ccccc1,B2,GFN1/gbsa,-3.3251780700233793,2.62
di-n-propyl phthalate,CCCOC(=O)c1ccccc1C(=O)OCCC,B2,GFN1/gbsa,-6.814162550970664,2.84
1-nitronaphthalene,O=[N+]([O-])c1cccc2ccccc12,B2,GFN1/gbsa,-2.777965573110566,3.17
4-chlorobenzyl alcohol,OCc1ccc(Cl)cc1,B2,GFN1/gbsa,-3.346400282245468,2.1
2-phenylphenol,Oc1ccccc1-c1ccccc1,B2,GFN1/gbsa,-3.9960790690121453,2.62
4-fluorophenol,Oc1ccc(F)cc1,B2,GFN1/gbsa,-4.198889398439822,1.57
bisphenol A,CC(C)(c1ccc(O)cc1)c1ccc(O)cc1,B2,GFN1/gbsa,-6.963621871089174,2.88
4-nitroaniline,Nc1ccc([N+](=O)[O-])cc1,B2,GFN1/gbsa,-8.080746298639935,1.69
2-chloroaniline,Nc1ccccc1Cl,B2,GFN1/gbsa,-2.8277056207997466,1.95
4-aminobiphenyl,Nc1ccc(-c2ccccc2)cc1,B2,GFN1/gbsa,-3.1599688643597084,2.55
indole,c1ccc2[nH]ccc2c1,B2,GFN1/gbsa,-2.566169889118253,2.25
carbazole,c1ccc2c(c1)[nH]c1ccccc12,B2,GFN1/gbsa,-2.223764536281184,3.52
metolachlor,CCc1cccc(C)c1N(C(=O)CCl)C(C)COC,B2,GFN1/gbsa,-6.779056803973399,1.74
atrazine,CCNc1nc(Cl)nc(NC(C)C)n1,B2,GFN1/gbsa,-6.2259441519447165,1.77
diazepam,CN1C(=O)CN=C(c2ccccc2)c2cc(Cl)ccc21,B2,GFN1/gbsa,-7.415661581096812,2.68
estrone,CC12CCC3c4ccc(O)cc4CCC3C1CCC2=O,B2,GFN1/gbsa,-5.31552392562559,2.69
endosulfan α,O=S1OCC2C(CO1)C1(Cl)C(Cl)=C(Cl)C2(Cl)C1(Cl)Cl,B2,GFN1/gbsa,-14.675048275412303,3.24
"1,2,4-Trimethylbenzene",Cc1ccc(C)c(C)c1,B2,GFN1/alpb,0.4915217746287879,3.35
"1,2-Dichlorobenzene",Clc1ccccc1Cl,B2,GFN1/alpb,-0.4984283450847127,3.03
1-Hexanol,CCCCCCO,B2,GFN1/alpb,-3.5041207847906923,1.64
Benzene,c1ccccc1,B2,GFN1/alpb,0.20960553835081708,1.58
Carbon tetrachloride,ClC(Cl)(Cl)Cl,B2,GFN1/alpb,-0.6425800957875107,1.77
Halothane,FC(F)(F)C(Cl)Br,B2,GFN1/alpb,0.02439221992330043,1.62
Enflurane,FC(F)OC(F)(F)C(F)Cl,B2,GFN1/alpb,-0.31789517760611985,1.59
Isoflurane,FC(F)OC(Cl)C(F)(F)F,B2,GFN1/alpb,-1.5870138078783333,1.58
Chlorobenzene,Clc1ccccc1,B2,GFN1/alpb,-0.04971573199574886,2.32
Cycloheptane,C1CCCCCC1,B2,GFN1/alpb,0.044541070417314366,2.52
Cyclohexane,C1CCCCC1,B2,GFN1/alpb,1.1165776716576548,2.01
Ethylbenzene,CCc1ccccc1,B2,GFN1/alpb,0.4830570853306093,2.7
Heptane,CCCCCCC,B2,GFN1/alpb,0.9499006098123766,3.59
Hexafluorobenzene,Fc1c(F)c(F)c(F)c(F)c1F,B2,GFN1/alpb,0.3320302483474755,1.55
Hexane,CCCCCC,B2,GFN1/alpb,0.7965329071293636,3.09
Methoxyflurane,COC(F)(F)C(Cl)Cl,B2,GFN1/alpb,-2.61840282313229,1.77
Methylpentafluorobenzene,Cc1c(F)c(F)c(F)c(F)c1F,B2,GFN1/alpb,-0.6115890503744679,2.32
Nonane,CCCCCCCCC,B2,GFN1/alpb,0.9557539819120491,4.45
Propylbenzene,CCCc1ccccc1,B2,GFN1/alpb,0.4954514753798587,2.95
Tetrachloroethene,ClC(Cl)=C(Cl)Cl,B2,GFN1/alpb,-0.5109895455366364,2.4
Toluene,Cc1ccccc1,B2,GFN1/alpb,0.2867751182787974,2.26
Trichloroethene,ClC=C(Cl)Cl,B2,GFN1/alpb,-0.7250296927117528,1.88
1-heptanol,CCCCCCCO,B2,GFN1/alpb,-3.227155441305518,2.18
di-n-butyl ether,CCCCOCCCC,B2,GFN1/alpb,-1.6220773650366274,2.01
Cyclooctane,C1CCCCCCC1,B2,GFN1/alpb,0.02295832389925878,2.98
Octan-1-ol,CCCCCCCCO,B2,GFN1/alpb,-3.0453419144556655,2.74
Nonan-1-ol,CCCCCCCCCO,B2,GFN1/alpb,-3.186814601548712,3.1
1-Chlorooctane,CCCCCCCCCl,B2,GFN1/alpb,0.05109591550980386,3.85
1-Nonene,C=CCCCCCCC,B2,GFN1/alpb,0.6449615909398045,4.22
"1,2,4-Trichlorobenzene",Clc1ccc(Cl)c(Cl)c1,B2,GFN1/alpb,-0.6071476396996509,3.6
Dipentyl ether,CCCCCOCCCCC,B2,GFN1/alpb,-1.5492830796929282,3.0
2-octanone,CCCCCCC(C)=O,B2,GFN1/alpb,-2.7471619351712846,2.09
2-nonanone,CCCCCCCC(C)=O,B2,GFN1/alpb,-2.8482122926380713,2.48
2-Nitrotoluene,Cc1ccccc1[N+](=O)[O-],B2,GFN1/alpb,-3.366915918368138,2.12
4-Nitroanisole,COc1ccc([N+](=O)[O-])cc1,B2,GFN1/alpb,-5.348133265014164,2.48
4-Chlorophenol,Oc1ccc(Cl)cc1,B2,GFN1/alpb,-4.378327341817883,2.43
4-Ethyl-3-hexanol,CCC(O)C(CC)CC,B2,GFN1/alpb,-1.9335931927793024,1.48
"2,4-Dinitrotoluene",Cc1ccc([N+](=O)[O-])cc1[N+](=O)[O-],B2,GFN1/alpb,-6.557815986049292,1.73
Styrene,C=Cc1ccccc1,B2,GFN1/alpb,0.08008844095292855,2.76
Octane,CCCCCCCC,B2,GFN1/alpb,0.9378163679786988,4.01
3-Chlorophenol,Oc1cccc(Cl)c1,B2,GFN1/alpb,-4.3075155467053845,2.35
4-bromophenol,Oc1ccc(Br)cc1,B2,GFN1/alpb,-4.619602374681515,2.81
4-Iodoaniline,Nc1ccc(I)cc1,B2,GFN1/alpb,-4.54607128471836,2.95
"N,N-Diethylaniline",CCN(CC)c1ccccc1,B2,GFN1/alpb,-0.9585496930973953,2.27
4-n-Propylphenol,CCCc1ccc(O)cc1,B2,GFN1/alpb,-3.721803996285447,2.59
4-iodophenol,Oc1ccc(I)cc1,B2,GFN1/alpb,-4.814209149407429,3.41
Phenanthrene,c1ccc2c(c1)ccc1ccccc12,B2,GFN1/alpb,0.17091323176017048,4.15
Fluoranthene,c1ccc2c(c1)-c1cccc3cccc-2c13,B2,GFN1/alpb,-0.13212397472673354,4.28
Pyrene,c1cc2ccc3cccc4ccc(c1)c2c34,B2,GFN1/alpb,0.02442493763688569,4.76
1-heptyne,C#CCCCCC,B2,GFN1/alpb,0.08559123219897113,2.49
tribromomethane,BrC(Br)Br,B2,GFN1/alpb,-1.5453636205036985,1.95
γ-hexachlorocyclohexane,ClC1C(Cl)C(Cl)C(Cl)C(Cl)C1Cl,B2,GFN1/alpb,-5.544414425299978,2.46
2-decanone,CCCCCCCCC(C)=O,B2,GFN1/alpb,-2.8615481404864624,2.88
1-nitrooctane,CCCCCCCC[N+](=O)[O-],B2,GFN1/alpb,-3.7702829687396724,3.38
tri-n-butyl phosphate,CCCCOP(=O)(OCCCC)OCCCC,B2,GFN1/alpb,-8.001443639543949,2.47
"1,4-dibromobenzene",Brc1ccc(Br)cc1,B2,GFN1/alpb,-1.114501264897409,3.97
"1,2,3,4-tetrachlorobenzene",Clc1ccc(Cl)c(Cl)c1Cl,B2,GFN1/alpb,-0.8035713710099572,4.21
indene,C1=Cc2ccccc2C1,B2,GFN1/alpb,0.38071923280617304,2.92
naphthalene,c1ccc2ccccc2c1,B2,GFN1/alpb,0.13722236011420375,3.56
dibenzofuran,c1ccc2c(c1)oc1ccccc12,B2,GFN1/alpb,-0.6757547224206735,3.79
dibenzothiophene,c1ccc2c(c1)sc1ccccc12,B2,GFN1/alpb,-0.08314264955661832,4.16
chrysene,c1ccc2c(c1)ccc1c3ccccc3ccc21,B2,GFN1/alpb,-0.33054934309827,4.46
benzo[b]fluoranthene,c1ccc2c(c1)-c1cccc3c1c-2cc1ccccc13,B2,GFN1/alpb,-0.3018405021007675,4.42
benzo[ghi]perylene,c1cc2ccc3ccc4ccc5cccc6c(c1)c2c3c4c56,B2,GFN1/alpb,-0.46300844957846565,4.76
anisole,COc1ccccc1,B2,GFN1/alpb,-1.5378254057300662,2.16
valerophenone,CCCCC(=O)c1ccccc1,B2,GFN1/alpb,-2.7530689278454386,2.7
benzophenone,O=C(c1ccccc1)c1ccccc1,B2,GFN1/alpb,-2.609114991788708,2.62
di-n-propyl phthalate,CCCOC(=O)c1ccccc1C(=O)OCCC,B2,GFN1/alpb,-6.727959858047468,2.84
1-nitronaphthalene,O=[N+]([O-])c1cccc2ccccc12,B2,GFN1/alpb,-3.294801809225171,3.17
4-chlorobenzyl alcohol,OCc1ccc(Cl)cc1,B2,GFN1/alpb,-3.400427404840517,2.1
2-phenylphenol,Oc1ccccc1-c1ccccc1,B2,GFN1/alpb,-3.8700194059643893,2.62
4-fluorophenol,Oc1ccc(F)cc1,B2,GFN1/alpb,-4.44108187038333,1.57
bisphenol A,CC(C)(c1ccc(O)cc1)c1ccc(O)cc1,B2,GFN1/alpb,-8.02229862565119,2.88
4-nitroaniline,Nc1ccc([N+](=O)[O-])cc1,B2,GFN1/alpb,-9.49024620169826,1.69
2-chloroaniline,Nc1ccccc1Cl,B2,GFN1/alpb,-3.2848736711842563,1.95
4-aminobiphenyl,Nc1ccc(-c2ccccc2)cc1,B2,GFN1/alpb,-3.6679128444836047,2.55
indole,c1ccc2[nH]ccc2c1,B2,GFN1/alpb,-2.40170613746244,2.25
carbazole,c1ccc2c(c1)[nH]c1ccccc12,B2,GFN1/alpb,-1.6276643704172393,3.52
metolachlor,CCc1cccc(C)c1N(C(=O)CCl)C(C)COC,B2,GFN1/alpb,-6.282222907751393,1.74
atrazine,CCNc1nc(Cl)nc(NC(C)C)n1,B2,GFN1/alpb,-5.3764186413706305,1.77
diazepam,CN1C(=O)CN=C(c2ccccc2)c2cc(Cl)ccc21,B2,GFN1/alpb,-6.380069154330524,2.68
estrone,CC12CCC3c4ccc(O)cc4CCC3C1CCC2=O,B2,GFN1/alpb,-6.056723015769187,2.69
endosulfan α,O=S1OCC2C(CO1)C1(Cl)C(Cl)=C(Cl)C2(Cl)C1(Cl)Cl,B2,GFN1/alpb,-11.531309630454048,3.24
"1,2,4-Trimethylbenzene",Cc1ccc(C)c(C)c1,B2,GFN2/gbsa,-0.3285228350056686,3.35
"1,2-Dichlorobenzene",Clc1ccccc1Cl,B2,GFN2/gbsa,-1.9926514408145821,3.03
1-Hexanol,CCCCCCO,B2,GFN2/gbsa,-2.7299841364949806,1.64
Benzene,c1ccccc1,B2,GFN2/gbsa,-0.06378331517713742,1.58
Carbon tetrachloride,ClC(Cl)(Cl)Cl,B2,GFN2/gbsa,0.08835416185857992,1.77
Halothane,FC(F)(F)C(Cl)Br,B2,GFN2/gbsa,-0.13537443880900812,1.62
Enflurane,FC(F)OC(F)(F)C(F)Cl,B2,GFN2/gbsa,0.3341691040334771,1.59
Isoflurane,FC(F)OC(Cl)C(F)(F)F,B2,GFN2/gbsa,-0.2927999509685717,1.58
Chlorobenzene,Clc1ccccc1,B2,GFN2/gbsa,-0.8369278257824444,2.32
Cycloheptane,C1CCCCCC1,B2,GFN2/gbsa,-1.0261957570990483,2.52
Cyclohexane,C1CCCCC1,B2,GFN2/gbsa,0.1043646320806293,2.01
Ethylbenzene,CCc1ccccc1,B2,GFN2/gbsa,-0.20884040501179424,2.7
Heptane,CCCCCCC,B2,GFN2/gbsa,-0.3979737837235642,3.59
Hexafluorobenzene,Fc1c(F)c(F)c(F)c(F)c1F,B2,GFN2/gbsa,1.9021928878506227,1.55
Hexane,CCCCCC,B2,GFN2/gbsa,-0.46068226583119265,3.09
Methoxyflurane,COC(F)(F)C(Cl)Cl,B2,GFN2/gbsa,-1.9249630207245425,1.77
Methylpentafluorobenzene,Cc1c(F)c(F)c(F)c(F)c1F,B2,GFN2/gbsa,-0.43391178114097406,2.32
Nonane,CCCCCCCCC,B2,GFN2/gbsa,-0.6150718655882177,4.45
Propylbenzene,CCCc1ccccc1,B2,GFN2/gbsa,-0.30273117901457613,2.95
Tetrachloroethene,ClC(Cl)=C(Cl)Cl,B2,GFN2/gbsa,0.08725106642576352,2.4
Toluene,Cc1ccccc1,B2,GFN2/gbsa,-0.242565184217707,2.26
Trichloroethene,ClC=C(Cl)Cl,B2,GFN2/gbsa,-0.9869388209626362,1.88
1-heptanol,CCCCCCCO,B2,GFN2/gbsa,-2.6274733302100084,2.18
di-n-butyl ether,CCCCOCCCC,B2,GFN2/gbsa,-1.3627939596706786,2.01
Cyclooctane,C1CCCCCCC1,B2,GFN2/gbsa,-1.1333011444551941,2.98
Octan-1-ol,CCCCCCCCO,B2,GFN2/gbsa,-2.6555449577125323,2.74
Nonan-1-ol,CCCCCCCCCO,B2,GFN2/gbsa,-2.704631014235618,3.1
1-Chlorooctane,CCCCCCCCCl,B2,GFN2/gbsa,-1.5692592258875318,3.85
1-Nonene,C=CCCCCCCC,B2,GFN2/gbsa,-0.7298544712001709,4.22
"1,2,4-Trichlorobenzene",Clc1ccc(Cl)c(Cl)c1,B2,GFN2/gbsa,-1.6502719967584225,3.6
Dipentyl ether,CCCCCOCCCCC,B2,GFN2/gbsa,-1.518014568410972,3.0
2-octanone,CCCCCCC(C)=O,B2,GFN2/gbsa,-3.4749126929085845,2.09
2-nonanone,CCCCCCCC(C)=O,B2,GFN2/gbsa,-3.700935008232177,2.48
2-Nitrotoluene,Cc1ccccc1[N+](=O)[O-],B2,GFN2/gbsa,-4.272776204856608,2.12
4-Nitroanisole,COc1ccc([N+](=O)[O-])cc1,B2,GFN2/gbsa,-5.951283053124776,2.48
4-Chlorophenol,Oc1ccc(Cl)cc1,B2,GFN2/gbsa,-3.258215526382217,2.43
4-Ethyl-3-hexanol,CCC(O)C(CC)CC,B2,GFN2/gbsa,-1.9021852417736418,1.48
"2,4-Dinitrotoluene",Cc1ccc([N+](=O)[O-])cc1[N+](=O)[O-],B2,GFN2/gbsa,-7.770815925929941,1.73
Styrene,C=Cc1ccccc1,B2,GFN2/gbsa,-0.19261026438394513,2.76
Octane,CCCCCCCC,B2,GFN2/gbsa,-0.5225930961755261,4.01
3-Chlorophenol,Oc1cccc(Cl)c1,B2,GFN2/gbsa,-3.1918581966331896,2.35
4-bromophenol,Oc1ccc(Br)cc1,B2,GFN2/gbsa,-3.386682326017808,2.81
4-Iodoaniline,Nc1ccc(I)cc1,B2,GFN2/gbsa,-3.396941239986735,2.95
"N,N-Diethylaniline",CCN(CC)c1ccccc1,B2,GFN2/gbsa,-0.983244316854305,2.27
4-n-Propylphenol,CCCc1ccc(O)cc1,B2,GFN2/gbsa,-2.5950991552500713,2.59
4-iodophenol,Oc1ccc(I)cc1,B2,GFN2/gbsa,-3.7465110830907378,3.41
Phenanthrene,c1ccc2c(c1)ccc1ccccc12,B2,GFN2/gbsa,0.20702655402753267,4.15
Fluoranthene,c1ccc2c(c1)-c1cccc3cccc-2c13,B2,GFN2/gbsa,-0.03208698879185845,4.28
Pyrene,c1cc2ccc3cccc4ccc(c1)c2c34,B2,GFN2/gbsa,0.11670074539211539,4.76
1-heptyne,C#CCCCCC,B2,GFN2/gbsa,-0.8451457227801894,2.49
tribromomethane,BrC(Br)Br,B2,GFN2/gbsa,-1.4816635520005863,1.95
γ-hexachlorocyclohexane,ClC1C(Cl)C(Cl)C(Cl)C(Cl)C1Cl,B2,GFN2/gbsa,-8.379717807414947,2.46
2-decanone,CCCCCCCCC(C)=O,B2,GFN2/gbsa,-3.808054001005579,2.88
1-nitrooctane,CCCCCCCC[N+](=O)[O-],B2,GFN2/gbsa,-4.494544065128101,3.38
tri-n-butyl phosphate,CCCCOP(=O)(OCCCC)OCCCC,B2,GFN2/gbsa,-8.214979066591123,2.47
"1,4-dibromobenzene",Brc1ccc(Br)cc1,B2,GFN2/gbsa,-1.6187286704517452,3.97
"1,2,3,4-tetrachlorobenzene",Clc1ccc(Cl)c(Cl)c1Cl,B2,GFN2/gbsa,-2.2013420206999355,4.21
indene,C1=Cc2ccccc2C1,B2,GFN2/gbsa,-0.12257012896365027,2.92
naphthalene,c1ccc2ccccc2c1,B2,GFN2/gbsa,0.026441276219336673,3.56
dibenzofuran,c1ccc2c(c1)oc1ccccc12,B2,GFN2/gbsa,-0.27467001586801776,3.79
dibenzothiophene,c1ccc2c(c1)sc1ccccc12,B2,GFN2/gbsa,-0.34657177037294273,4.16
chrysene,c1ccc2c(c1)ccc1c3ccccc3ccc21,B2,GFN2/gbsa,-0.08785466538333275,4.46
benzo[b]fluoranthene,c1ccc2c(c1)-c1cccc3c1c-2cc1ccccc13,B2,GFN2/gbsa,-0.19918293396891196,4.42
benzo[ghi]perylene,c1cc2ccc3ccc4ccc5cccc6c(c1)c2c3c4c56,B2,GFN2/gbsa,0.011494493167446995,4.76
anisole,COc1ccccc1,B2,GFN2/gbsa,-0.8592484194985773,2.16
valerophenone,CCCCC(=O)c1ccccc1,B2,GFN2/gbsa,-3.2301042329055507,2.7
benzophenone,O=C(c1ccccc1)c1ccccc1,B2,GFN2/gbsa,-3.097878940462418,2.62
di-n-propyl phthalate,CCCOC(=O)c1ccccc1C(=O)OCCC,B2,GFN2/gbsa,-8.404268413339278,2.84
1-nitronaphthalene,O=[N+]([O-])c1cccc2ccccc12,B2,GFN2/gbsa,-4.3055132041506265,3.17
4-chlorobenzyl alcohol,OCc1ccc(Cl)cc1,B2,GFN2/gbsa,-3.091720381513872,2.1
2-phenylphenol,Oc1ccccc1-c1ccccc1,B2,GFN2/gbsa,-2.2277174596767986,2.62
4-fluorophenol,Oc1ccc(F)cc1,B2,GFN2/gbsa,-3.1013663659026482,1.57
bisphenol A,CC(C)(c1ccc(O)cc1)c1ccc(O)cc1,B2,GFN2/gbsa,-5.019710700537024,2.88
4-nitroaniline,Nc1ccc([N+](=O)[O-])cc1,B2,GFN2/gbsa,-9.1453696326486,1.69
2-chloroaniline,Nc1ccccc1Cl,B2,GFN2/gbsa,-2.21569693810953,1.95
4-aminobiphenyl,Nc1ccc(-c2ccccc2)cc1,B2,GFN2/gbsa,-1.7362537793934942,2.55
indole,c1ccc2[nH]ccc2c1,B2,GFN2/gbsa,-1.3109772567354467,2.25
carbazole,c1ccc2c(c1)[nH]c1ccccc12,B2,GFN2/gbsa,-0.8540593137384808,3.52
metolachlor,CCc1cccc(C)c1N(C(=O)CCl)C(C)COC,B2,GFN2/gbsa,-5.728295940808911,1.74
atrazine,CCNc1nc(Cl)nc(NC(C)C)n1,B2,GFN2/gbsa,-6.235431214184471,1.77
diazepam,CN1C(=O)CN=C(c2ccccc2)c2cc(Cl)ccc21,B2,GFN2/gbsa,-6.4757116966123185,2.68
estrone,CC12CCC3c4ccc(O)cc4CCC3C1CCC2=O,B2,GFN2/gbsa,-5.0339877246075755,2.69
endosulfan α,O=S1OCC2C(CO1)C1(Cl)C(Cl)=C(Cl)C2(Cl)C1(Cl)Cl,B2,GFN2/gbsa,-12.511356472858203,3.24
"1,2,4-Trimethylbenzene",Cc1ccc(C)c(C)c1,B2,GFN2/alpb,0.06299287268402787,3.35
"1,2-Dichlorobenzene",Clc1ccccc1Cl,B2,GFN2/alpb,-2.271824996947907,3.03
1-Hexanol,CCCCCCO,B2,GFN2/alpb,-3.5866872183239833,1.64
Benzene,c1ccccc1,B2,GFN2/alpb,0.1524042699888728,1.58
Carbon tetrachloride,ClC(Cl)(Cl)Cl,B2,GFN2/alpb,-0.12570205145619662,1.77
Halothane,FC(F)(F)C(Cl)Br,B2,GFN2/alpb,0.5546491690745396,1.62
Enflurane,FC(F)OC(F)(F)C(F)Cl,B2,GFN2/alpb,-1.6426216046715958,1.59
Isoflurane,FC(F)OC(Cl)C(F)(F)F,B2,GFN2/alpb,-2.2308961929436344,1.58
Chlorobenzene,Clc1ccccc1,B2,GFN2/alpb,-0.8745802380101165,2.32
Cycloheptane,C1CCCCCC1,B2,GFN2/alpb,-0.6671971491637658,2.52
Cyclohexane,C1CCCCC1,B2,GFN2/alpb,0.41617756037658804,2.01
Ethylbenzene,CCc1ccccc1,B2,GFN2/alpb,0.18217648526805919,2.7
Heptane,CCCCCCC,B2,GFN2/alpb,0.06624588398623277,3.59
Hexafluorobenzene,Fc1c(F)c(F)c(F)c(F)c1F,B2,GFN2/alpb,0.5691299920457338,1.55
Hexane,CCCCCC,B2,GFN2/alpb,-0.05396857627379337,3.09
Methoxyflurane,COC(F)(F)C(Cl)Cl,B2,GFN2/alpb,-2.948535893822746,1.77
Methylpentafluorobenzene,Cc1c(F)c(F)c(F)c(F)c1F,B2,GFN2/alpb,-1.862620287899118,2.32
Nonane,CCCCCCCCC,B2,GFN2/alpb,0.0015050762317212474,4.45
Propylbenzene,CCCc1ccccc1,B2,GFN2/alpb,0.17907526724946976,2.95
Tetrachloroethene,ClC(Cl)=C(Cl)Cl,B2,GFN2/alpb,-0.11924379228206794,2.4
Toluene,Cc1ccccc1,B2,GFN2/alpb,0.03802676448323372,2.26
Trichloroethene,ClC=C(Cl)Cl,B2,GFN2/alpb,-1.399500190311306,1.88
1-heptanol,CCCCCCCO,B2,GFN2/alpb,-3.3890119860155057,2.18
di-n-butyl ether,CCCCOCCCC,B2,GFN2/alpb,-1.2881180112345145,2.01
Cyclooctane,C1CCCCCCC1,B2,GFN2/alpb,-0.7269681421637189,2.98
Octan-1-ol,CCCCCCCCO,B2,GFN2/alpb,-3.1171917287880326,2.74
Nonan-1-ol,CCCCCCCCCO,B2,GFN2/alpb,-3.3058950294487195,3.1
1-Chlorooctane,CCCCCCCCCl,B2,GFN2/alpb,-1.447424637052461,3.85
1-Nonene,C=CCCCCCCC,B2,GFN2/alpb,-0.16920255010460483,4.22
"1,2,4-Trichlorobenzene",Clc1ccc(Cl)c(Cl)c1,B2,GFN2/alpb,-2.0357969790230914,3.6
Dipentyl ether,CCCCCOCCCCC,B2,GFN2/alpb,-1.3219006905310944,3.0
2-octanone,CCCCCCC(C)=O,B2,GFN2/alpb,-3.3753442409295156,2.09
2-nonanone,CCCCCCCC(C)=O,B2,GFN2/alpb,-3.343676836669172,2.48
2-Nitrotoluene,Cc1ccccc1[N+](=O)[O-],B2,GFN2/alpb,-4.044464958911261,2.12
4-Nitroanisole,COc1ccc([N+](=O)[O-])cc1,B2,GFN2/alpb,-6.03448916670008,2.48
4-Chlorophenol,Oc1ccc(Cl)cc1,B2,GFN2/alpb,-4.527111512361378,2.43
4-Ethyl-3-hexanol,CCC(O)C(CC)CC,B2,GFN2/alpb,-2.2494821630918103,1.48
"2,4-Dinitrotoluene",Cc1ccc([N+](=O)[O-])cc1[N+](=O)[O-],B2,GFN2/alpb,-8.081045773489466,1.73
Styrene,C=Cc1ccccc1,B2,GFN2/alpb,0.13766727529090605,2.76
Octane,CCCCCCCC,B2,GFN2/alpb,0.026382622425544566,4.01
3-Chlorophenol,Oc1cccc(Cl)c1,B2,GFN2/alpb,-4.443464775125177,2.35
4-bromophenol,Oc1ccc(Br)cc1,B2,GFN2/alpb,-4.655434603990036,2.81
4-Iodoaniline,Nc1ccc(I)cc1,B2,GFN2/alpb,-4.270278207133936,2.95
"N,N-Diethylaniline",CCN(CC)c1ccccc1,B2,GFN2/alpb,-0.5423201426587083,2.27
4-n-Propylphenol,CCCc1ccc(O)cc1,B2,GFN2/alpb,-3.224529536561611,2.59
4-iodophenol,Oc1ccc(I)cc1,B2,GFN2/alpb,-4.949996560236954,3.41
Phenanthrene,c1ccc2c(c1)ccc1ccccc12,B2,GFN2/alpb,0.7898651325039228,4.15
Fluoranthene,c1ccc2c(c1)-c1cccc3cccc-2c13,B2,GFN2/alpb,0.5969622020623859,4.28
Pyrene,c1cc2ccc3cccc4ccc(c1)c2c34,B2,GFN2/alpb,0.7510133303793722,4.76
1-heptyne,C#CCCCCC,B2,GFN2/alpb,-0.5625913759247572,2.49
tribromomethane,BrC(Br)Br,B2,GFN2/alpb,-1.4433319901602073,1.95
γ-hexachlorocyclohexane,ClC1C(Cl)C(Cl)C(Cl)C(Cl)C1Cl,B2,GFN2/alpb,-9.540892840414047,2.46
2-decanone,CCCCCCCCC(C)=O,B2,GFN2/alpb,-3.5544596348441546,2.88
1-nitrooctane,CCCCCCCC[N+](=O)[O-],B2,GFN2/alpb,-4.455718180110837,3.38
tri-n-butyl phosphate,CCCCOP(=O)(OCCCC)OCCCC,B2,GFN2/alpb,-6.807676192572485,2.47
"1,4-dibromobenzene",Brc1ccc(Br)cc1,B2,GFN2/alpb,-1.4360231292231718,3.97
"1,2,3,4-tetrachlorobenzene",Clc1ccc(Cl)c(Cl)c1Cl,B2,GFN2/alpb,-2.6382401969854086,4.21
indene,C1=Cc2ccccc2C1,B2,GFN2/alpb,0.15075293472434614,2.92
naphthalene,c1ccc2ccccc2c1,B2,GFN2/alpb,0.434243345721669,3.56
dibenzofuran,c1ccc2c(c1)oc1ccccc12,B2,GFN2/alpb,0.3672760675731874,3.79
dibenzothiophene,c1ccc2c(c1)sc1ccccc12,B2,GFN2/alpb,1.06741640295815,4.16
chrysene,c1ccc2c(c1)ccc1c3ccccc3ccc21,B2,GFN2/alpb,0.6638571612524617,4.46
benzo[b]fluoranthene,c1ccc2c(c1)-c1cccc3c1c-2cc1ccccc13,B2,GFN2/alpb,0.6134835985670248,4.42
benzo[ghi]perylene,c1cc2ccc3ccc4ccc5cccc6c(c1)c2c3c4c56,B2,GFN2/alpb,0.8489756791737504,4.76
anisole,COc1ccccc1,B2,GFN2/alpb,-0.7776465631458156,2.16
valerophenone,CCCCC(=O)c1ccccc1,B2,GFN2/alpb,-2.905527486684999,2.7
benzophenone,O=C(c1ccccc1)c1ccccc1,B2,GFN2/alpb,-2.5967632279046904,2.62
di-n-propyl phthalate,CCCOC(=O)c1ccccc1C(=O)OCCC,B2,GFN2/alpb,-8.144827243328681,2.84
1-nitronaphthalene,O=[N+]([O-])c1cccc2ccccc12,B2,GFN2/alpb,-3.8232873571635384,3.17
4-chlorobenzyl alcohol,OCc1ccc(Cl)cc1,B2,GFN2/alpb,-4.051749780325174,2.1
2-phenylphenol,Oc1ccccc1-c1ccccc1,B2,GFN2/alpb,-2.8509995180595573,2.62
4-fluorophenol,Oc1ccc(F)cc1,B2,GFN2/alpb,-4.631703315390239,1.57
bisphenol A,CC(C)(c1ccc(O)cc1)c1ccc(O)cc1,B2,GFN2/alpb,-6.484870589267622,2.88
4-nitroaniline,Nc1ccc([N+](=O)[O-])cc1,B2,GFN2/alpb,-10.530880167378722,1.69
2-chloroaniline,Nc1ccccc1Cl,B2,GFN2/alpb,-2.8998909771116574,1.95
4-aminobiphenyl,Nc1ccc(-c2ccccc2)cc1,B2,GFN2/alpb,-1.891140505001665,2.55
indole,c1ccc2[nH]ccc2c1,B2,GFN2/alpb,-1.5655515832301552,2.25
carbazole,c1ccc2c(c1)[nH]c1ccccc12,B2,GFN2/alpb,-0.7848771706761808,3.52
metolachlor,CCc1cccc(C)c1N(C(=O)CCl)C(C)COC,B2,GFN2/alpb,-6.14923436318249,1.74
atrazine,CCNc1nc(Cl)nc(NC(C)C)n1,B2,GFN2/alpb,-7.249563589700395,1.77
diazepam,CN1C(=O)CN=C(c2ccccc2)c2cc(Cl)ccc21,B2,GFN2/alpb,-6.642278118313429,2.68
estrone,CC12CCC3c4ccc(O)cc4CCC3C1CCC2=O,B2,GFN2/alpb,-5.270162062230113,2.69
endosulfan α,O=S1OCC2C(CO1)C1(Cl)C(Cl)=C(Cl)C2(Cl)C1(Cl)Cl,B2,GFN2/alpb,-16.898325854391768,3.24
